Lag,variable,value,ID,age,exp,first_turn,sex,trial_num
-1,1.0,0.2314487299169749,H27-03,930,demo,L,F,1
0,1.0,0.28675448959444716,H27-03,930,demo,L,F,1
1,1.0,0.5775992556717285,H27-03,930,demo,L,F,1
-1,2.82,0.2294849909413396,H27-03,930,demo,L,F,1
0,2.82,0.04413172902718072,H27-03,930,demo,L,F,1
1,2.82,0.39789736332570996,H27-03,930,demo,L,F,1
-1,4.64,-0.14444040354969606,H27-03,930,demo,L,F,1
0,4.64,-0.18908044952863712,H27-03,930,demo,L,F,1
1,4.64,0.5012764398781766,H27-03,930,demo,L,F,1
-1,6.46,-0.42137928752096304,H27-03,930,demo,L,F,1
0,6.46,-0.18908044952863698,H27-03,930,demo,L,F,1
1,6.46,0.4668723280090561,H27-03,930,demo,L,F,1
-1,8.28,-0.4364550359553129,H27-03,930,demo,L,F,1
0,8.28,-0.15407420624107182,H27-03,930,demo,L,F,1
1,8.28,0.6007418236828619,H27-03,930,demo,L,F,1
-1,10.1,-0.3761264421539012,H27-03,930,demo,L,F,1
0,10.1,-0.17360605320623257,H27-03,930,demo,L,F,1
1,10.1,0.516061623848052,H27-03,930,demo,L,F,1
-1,11.92,-0.150386542271775,H27-03,930,demo,L,F,1
0,11.92,-0.26055853771127113,H27-03,930,demo,L,F,1
1,11.92,0.341684311957944,H27-03,930,demo,L,F,1
-1,13.74,-0.6191310106513943,H27-03,930,demo,L,F,1
0,13.74,-0.43710500073866504,H27-03,930,demo,L,F,1
1,13.74,0.3574744525784836,H27-03,930,demo,L,F,1
-1,15.56,-0.5839651969301957,H27-03,930,demo,L,F,1
0,15.56,-0.28038885557719295,H27-03,930,demo,L,F,1
1,15.56,0.3478343384543337,H27-03,930,demo,L,F,1
-1,17.38,-0.39830103344577145,H27-03,930,demo,L,F,1
0,17.38,-0.24367097946140137,H27-03,930,demo,L,F,1
1,17.38,0.34409735610886955,H27-03,930,demo,L,F,1
-1,19.2,-0.27403122915835454,H27-03,930,demo,L,F,1
0,19.2,-0.1681136740772042,H27-03,930,demo,L,F,1
1,19.2,0.22793362806863346,H27-03,930,demo,L,F,1
-1,1.0,-0.501959553365411,H27-05,909,demo,L,F,1
0,1.0,-0.5039455456635926,H27-05,909,demo,L,F,1
1,1.0,0.017377432609089256,H27-05,909,demo,L,F,1
-1,2.82,-0.6030371690236239,H27-05,909,demo,L,F,1
0,2.82,-0.5331293496475215,H27-05,909,demo,L,F,1
1,2.82,0.08273521651568633,H27-05,909,demo,L,F,1
-1,4.64,-0.6586754810709451,H27-05,909,demo,L,F,1
0,4.64,-0.5866305898841823,H27-05,909,demo,L,F,1
1,4.64,0.05984451804737102,H27-05,909,demo,L,F,1
-1,6.46,-0.6284338355735385,H27-05,909,demo,L,F,1
0,6.46,-0.7371480816402716,H27-05,909,demo,L,F,1
1,6.46,-0.1713741554638806,H27-05,909,demo,L,F,1
-1,8.28,-0.6228550726778427,H27-05,909,demo,L,F,1
0,8.28,-0.6898203579219612,H27-05,909,demo,L,F,1
1,8.28,-0.1300345751112694,H27-05,909,demo,L,F,1
-1,10.1,-0.8234031692144568,H27-05,909,demo,L,F,1
0,10.1,-0.5250953896434747,H27-05,909,demo,L,F,1
1,10.1,-0.1673270476088776,H27-05,909,demo,L,F,1
-1,11.92,-0.6814024487373262,H27-05,909,demo,L,F,1
0,11.92,-0.38887901322992624,H27-05,909,demo,L,F,1
1,11.92,-0.01356755668379947,H27-05,909,demo,L,F,1
-1,13.74,-0.6352545636632253,H27-05,909,demo,L,F,1
0,13.74,-0.31138365065574786,H27-05,909,demo,L,F,1
1,13.74,0.0629150566411422,H27-05,909,demo,L,F,1
-1,15.56,-0.595721917416154,H27-05,909,demo,L,F,1
0,15.56,-0.3130058504311841,H27-05,909,demo,L,F,1
1,15.56,0.15980944569360098,H27-05,909,demo,L,F,1
-1,17.38,-0.6261910151218549,H27-05,909,demo,L,F,1
0,17.38,-0.2675469412341643,H27-05,909,demo,L,F,1
1,17.38,0.17577132943972335,H27-05,909,demo,L,F,1
-1,19.2,-0.6192224262730853,H27-05,909,demo,L,F,1
0,19.2,-0.26528169559023307,H27-05,909,demo,L,F,1
1,19.2,0.042784796027079866,H27-05,909,demo,L,F,1
-1,1.0,-0.0017262588702255206,H27-42,916,demo,L,F,1
0,1.0,-0.8195231220174156,H27-42,916,demo,L,F,1
1,1.0,0.5134271973950719,H27-42,916,demo,L,F,1
-1,2.82,0.22187717929549194,H27-42,916,demo,L,F,1
0,2.82,-0.8302203466290987,H27-42,916,demo,L,F,1
1,2.82,0.6069010990962741,H27-42,916,demo,L,F,1
-1,4.64,-0.08869116541585316,H27-42,916,demo,L,F,1
0,4.64,-0.24674929521541486,H27-42,916,demo,L,F,1
1,4.64,0.1753204040407671,H27-42,916,demo,L,F,1
-1,6.46,-0.1025449960756747,H27-42,916,demo,L,F,1
0,6.46,-0.2566670848802111,H27-42,916,demo,L,F,1
1,6.46,0.04012284826946553,H27-42,916,demo,L,F,1
-1,8.28,-0.10335849369630604,H27-42,916,demo,L,F,1
0,8.28,-0.25942770748366134,H27-42,916,demo,L,F,1
1,8.28,0.031060812496792448,H27-42,916,demo,L,F,1
-1,10.1,-0.0729395446705079,H27-42,916,demo,L,F,1
0,10.1,-0.2353041098564876,H27-42,916,demo,L,F,1
1,10.1,0.029649005347107817,H27-42,916,demo,L,F,1
-1,11.92,-0.06355781799378289,H27-42,916,demo,L,F,1
0,11.92,-0.2157212888726107,H27-42,916,demo,L,F,1
1,11.92,0.056097144597641264,H27-42,916,demo,L,F,1
-1,13.74,-0.04401881043991269,H27-42,916,demo,L,F,1
0,13.74,-0.19378921587225845,H27-42,916,demo,L,F,1
1,13.74,0.0673238582673466,H27-42,916,demo,L,F,1
-1,15.56,-0.02044145869076335,H27-42,916,demo,L,F,1
0,15.56,-0.17795663828442937,H27-42,916,demo,L,F,1
1,15.56,0.09401138856910862,H27-42,916,demo,L,F,1
-1,17.38,-0.022381068188386474,H27-42,916,demo,L,F,1
0,17.38,-0.15253819568186114,H27-42,916,demo,L,F,1
1,17.38,-0.0037948625195833143,H27-42,916,demo,L,F,1
-1,19.2,-0.1915124273513798,H27-42,916,demo,L,F,1
0,19.2,0.8577858669821382,H27-42,916,demo,L,F,1
1,19.2,-0.029537688720128488,H27-42,916,demo,L,F,1
-1,1.0,0.09492232971376034,H27-14,957,demo,L,M,1
0,1.0,0.6395103770691254,H27-14,957,demo,L,M,1
1,1.0,0.31509932019608267,H27-14,957,demo,L,M,1
-1,2.82,-0.1786984241401294,H27-14,957,demo,L,M,1
0,2.82,-0.021102133242399686,H27-14,957,demo,L,M,1
1,2.82,0.12620844720065122,H27-14,957,demo,L,M,1
-1,4.64,-0.311801342692618,H27-14,957,demo,L,M,1
0,4.64,-0.3142597825769047,H27-14,957,demo,L,M,1
1,4.64,0.11729346079504435,H27-14,957,demo,L,M,1
-1,6.46,-0.3454108815776137,H27-14,957,demo,L,M,1
0,6.46,-0.34696778832007574,H27-14,957,demo,L,M,1
1,6.46,0.11498868369325572,H27-14,957,demo,L,M,1
-1,8.28,-0.3417434105713529,H27-14,957,demo,L,M,1
0,8.28,-0.2675442597356751,H27-14,957,demo,L,M,1
1,8.28,-0.11889459528359302,H27-14,957,demo,L,M,1
-1,10.1,-0.3706816233633168,H27-14,957,demo,L,M,1
0,10.1,-0.6194833043315986,H27-14,957,demo,L,M,1
1,10.1,0.13371720298735848,H27-14,957,demo,L,M,1
-1,11.92,-0.5494284621263728,H27-14,957,demo,L,M,1
0,11.92,-0.5908610513266738,H27-14,957,demo,L,M,1
1,11.92,0.1536068579078919,H27-14,957,demo,L,M,1
-1,13.74,-0.5498956203906693,H27-14,957,demo,L,M,1
0,13.74,-0.5864537779789685,H27-14,957,demo,L,M,1
1,13.74,0.21334054462986715,H27-14,957,demo,L,M,1
-1,15.56,-0.565448038739102,H27-14,957,demo,L,M,1
0,15.56,-0.5437400814426369,H27-14,957,demo,L,M,1
1,15.56,0.1678245475561659,H27-14,957,demo,L,M,1
-1,17.38,-0.4611333087717762,H27-14,957,demo,L,M,1
0,17.38,-0.5233801733052174,H27-14,957,demo,L,M,1
1,17.38,0.23323867819596925,H27-14,957,demo,L,M,1
-1,19.2,-0.2784794085313737,H27-14,957,demo,L,M,1
0,19.2,-0.3976172170493817,H27-14,957,demo,L,M,1
1,19.2,0.3912563239539035,H27-14,957,demo,L,M,1
-1,1.0,-0.06980114085406461,H27-17,1360,demo,L,M,1
0,1.0,-0.11442809976076176,H27-17,1360,demo,L,M,1
1,1.0,-0.0971029702813589,H27-17,1360,demo,L,M,1
-1,2.82,-0.7166661094961058,H27-17,1360,demo,L,M,1
0,2.82,-0.543503806807759,H27-17,1360,demo,L,M,1
1,2.82,0.33285848296025633,H27-17,1360,demo,L,M,1
-1,4.64,-0.6672408654678417,H27-17,1360,demo,L,M,1
0,4.64,-0.5492837962070224,H27-17,1360,demo,L,M,1
1,4.64,0.5146948811606168,H27-17,1360,demo,L,M,1
-1,6.46,-0.6975105895731314,H27-17,1360,demo,L,M,1
0,6.46,-0.46010430888306036,H27-17,1360,demo,L,M,1
1,6.46,0.41432958716938717,H27-17,1360,demo,L,M,1
-1,8.28,-0.7752003637859962,H27-17,1360,demo,L,M,1
0,8.28,-0.551977836609715,H27-17,1360,demo,L,M,1
1,8.28,0.38255633568217834,H27-17,1360,demo,L,M,1
-1,10.1,-0.8169726842661824,H27-17,1360,demo,L,M,1
0,10.1,-0.6068687582120522,H27-17,1360,demo,L,M,1
1,10.1,0.2615166401367401,H27-17,1360,demo,L,M,1
-1,11.92,-0.49599693514792104,H27-17,1360,demo,L,M,1
0,11.92,-0.6767569314101153,H27-17,1360,demo,L,M,1
1,11.92,0.3559610292668433,H27-17,1360,demo,L,M,1
-1,13.74,-0.31380083564042105,H27-17,1360,demo,L,M,1
0,13.74,-0.6557276450849863,H27-17,1360,demo,L,M,1
1,13.74,0.5706956312585043,H27-17,1360,demo,L,M,1
-1,15.56,-0.3954656941296543,H27-17,1360,demo,L,M,1
0,15.56,-0.5626999548431803,H27-17,1360,demo,L,M,1
1,15.56,0.6125841144361314,H27-17,1360,demo,L,M,1
-1,17.38,-0.39967043008798453,H27-17,1360,demo,L,M,1
0,17.38,-0.6463209045694198,H27-17,1360,demo,L,M,1
1,17.38,0.5055065021670331,H27-17,1360,demo,L,M,1
-1,19.2,-0.3950001943092147,H27-17,1360,demo,L,M,1
0,19.2,-0.5643451196527628,H27-17,1360,demo,L,M,1
1,19.2,0.5128773414138034,H27-17,1360,demo,L,M,1
-1,1.0,0.0508026474181661,H27-04,1360,demo,L,F,1
0,1.0,-0.1945633305376566,H27-04,1360,demo,L,F,1
1,1.0,-0.2680650331852154,H27-04,1360,demo,L,F,1
-1,2.82,0.05743380787169077,H27-04,1360,demo,L,F,1
0,2.82,-0.20764530538226544,H27-04,1360,demo,L,F,1
1,2.82,-0.17141782657089177,H27-04,1360,demo,L,F,1
-1,4.64,-0.1097209767086625,H27-04,1360,demo,L,F,1
0,4.64,-0.010503480833671716,H27-04,1360,demo,L,F,1
1,4.64,0.04055959521925503,H27-04,1360,demo,L,F,1
-1,6.46,-0.45598925888070774,H27-04,1360,demo,L,F,1
0,6.46,-0.3900428504519496,H27-04,1360,demo,L,F,1
1,6.46,0.0942232792093047,H27-04,1360,demo,L,F,1
-1,8.28,-0.33734336405932647,H27-04,1360,demo,L,F,1
0,8.28,-0.27941661310681637,H27-04,1360,demo,L,F,1
1,8.28,-0.20674164028602937,H27-04,1360,demo,L,F,1
-1,10.1,-0.47537446272255424,H27-04,1360,demo,L,F,1
0,10.1,-0.37970972982104,H27-04,1360,demo,L,F,1
1,10.1,-0.10893614093409464,H27-04,1360,demo,L,F,1
-1,11.92,-0.38381074232194423,H27-04,1360,demo,L,F,1
0,11.92,-0.28894842816850935,H27-04,1360,demo,L,F,1
1,11.92,-0.20717057113968615,H27-04,1360,demo,L,F,1
-1,13.74,-0.42342757083812954,H27-04,1360,demo,L,F,1
0,13.74,-0.28894842816850924,H27-04,1360,demo,L,F,1
1,13.74,-0.20717057113968618,H27-04,1360,demo,L,F,1
-1,15.56,-0.35759042039404965,H27-04,1360,demo,L,F,1
0,15.56,-0.6567036538999589,H27-04,1360,demo,L,F,1
1,15.56,-0.21279509148364473,H27-04,1360,demo,L,F,1
-1,17.38,-0.3524500098168531,H27-04,1360,demo,L,F,1
0,17.38,-0.6533478804965382,H27-04,1360,demo,L,F,1
1,17.38,-0.3014756423041438,H27-04,1360,demo,L,F,1
-1,19.2,-0.3570861490473498,H27-04,1360,demo,L,F,1
0,19.2,-0.6625859190645669,H27-04,1360,demo,L,F,1
1,19.2,-0.30961172776599594,H27-04,1360,demo,L,F,1
-1,1.0,0.4709793745517077,H27-16,1093,demo,L,M,1
0,1.0,-0.2834468161463043,H27-16,1093,demo,L,M,1
1,1.0,-0.11372413004255394,H27-16,1093,demo,L,M,1
-1,2.82,0.21880644030680227,H27-16,1093,demo,L,M,1
0,2.82,-0.31788665529981774,H27-16,1093,demo,L,M,1
1,2.82,-0.07598098634429125,H27-16,1093,demo,L,M,1
-1,4.64,0.235813982554376,H27-16,1093,demo,L,M,1
0,4.64,-0.2805057737379275,H27-16,1093,demo,L,M,1
1,4.64,-0.2754581435712775,H27-16,1093,demo,L,M,1
-1,6.46,0.0774212426611825,H27-16,1093,demo,L,M,1
0,6.46,-0.5867315742852358,H27-16,1093,demo,L,M,1
1,6.46,-0.3578075861811905,H27-16,1093,demo,L,M,1
-1,8.28,0.081421014363482,H27-16,1093,demo,L,M,1
0,8.28,-0.7467352032920447,H27-16,1093,demo,L,M,1
1,8.28,-0.46533275014106346,H27-16,1093,demo,L,M,1
-1,10.1,0.07282401123716584,H27-16,1093,demo,L,M,1
0,10.1,-0.811121151361554,H27-16,1093,demo,L,M,1
1,10.1,-0.5226474343593097,H27-16,1093,demo,L,M,1
-1,11.92,0.04437388227969222,H27-16,1093,demo,L,M,1
0,11.92,-0.8156817012311992,H27-16,1093,demo,L,M,1
1,11.92,-0.4869161060039053,H27-16,1093,demo,L,M,1
-1,13.74,0.17028721502566538,H27-16,1093,demo,L,M,1
0,13.74,-0.6112324468805368,H27-16,1093,demo,L,M,1
1,13.74,-0.23108875842588725,H27-16,1093,demo,L,M,1
-1,15.56,-0.06468174775830036,H27-16,1093,demo,L,M,1
0,15.56,-0.39469476296803463,H27-16,1093,demo,L,M,1
1,15.56,-0.15002417106823415,H27-16,1093,demo,L,M,1
-1,17.38,0.10472254083006646,H27-16,1093,demo,L,M,1
0,17.38,-0.03601457646638181,H27-16,1093,demo,L,M,1
1,17.38,0.3173066361588651,H27-16,1093,demo,L,M,1
-1,19.2,0.21082579842000093,H27-16,1093,demo,L,M,1
0,19.2,-0.6745535049763492,H27-16,1093,demo,L,M,1
1,19.2,0.04346751546093474,H27-16,1093,demo,L,M,1
-1,1.0,0.11129874778074568,H27-32,924,demo,L,M,1
0,1.0,0.12138278836299356,H27-32,924,demo,L,M,1
1,1.0,-0.03187295210191705,H27-32,924,demo,L,M,1
-1,2.82,0.002716934853434493,H27-32,924,demo,L,M,1
0,2.82,-0.7597259365495439,H27-32,924,demo,L,M,1
1,2.82,-0.20625522958168882,H27-32,924,demo,L,M,1
-1,4.64,0.04600515279544913,H27-32,924,demo,L,M,1
0,4.64,-0.858420955669916,H27-32,924,demo,L,M,1
1,4.64,-0.3094575639099004,H27-32,924,demo,L,M,1
-1,6.46,0.12545766626189372,H27-32,924,demo,L,M,1
0,6.46,-0.8727449656603847,H27-32,924,demo,L,M,1
1,6.46,0.004120509794666517,H27-32,924,demo,L,M,1
-1,8.28,0.14830228027919967,H27-32,924,demo,L,M,1
0,8.28,-0.01134955840757639,H27-32,924,demo,L,M,1
1,8.28,-0.44966887514530335,H27-32,924,demo,L,M,1
-1,10.1,0.0135789608511999,H27-32,924,demo,L,M,1
0,10.1,-0.14576064416948067,H27-32,924,demo,L,M,1
1,10.1,-0.5152692588788426,H27-32,924,demo,L,M,1
-1,11.92,-0.0386879654211129,H27-32,924,demo,L,M,1
0,11.92,-0.19609397597138928,H27-32,924,demo,L,M,1
1,11.92,-0.5794349406844521,H27-32,924,demo,L,M,1
-1,13.74,0.14731693766069667,H27-32,924,demo,L,M,1
0,13.74,0.34826254357673087,H27-32,924,demo,L,M,1
1,13.74,-0.22072567431514534,H27-32,924,demo,L,M,1
-1,15.56,-0.07004451826907922,H27-32,924,demo,L,M,1
0,15.56,0.330454256978584,H27-32,924,demo,L,M,1
1,15.56,-0.4236956305633632,H27-32,924,demo,L,M,1
-1,17.38,-0.2429319948079252,H27-32,924,demo,L,M,1
0,17.38,-0.4087950932768166,H27-32,924,demo,L,M,1
1,17.38,-0.1433455841430082,H27-32,924,demo,L,M,1
-1,19.2,0.14557216498474576,H27-32,924,demo,L,M,1
0,19.2,0.02681872017482457,H27-32,924,demo,L,M,1
1,19.2,-0.44247018522898285,H27-32,924,demo,L,M,1
-1,1.0,0.20883405498987562,H27-38,1286,demo,L,M,1
0,1.0,-0.23626855594244664,H27-38,1286,demo,L,M,1
1,1.0,0.1846422584209548,H27-38,1286,demo,L,M,1
-1,2.82,0.18532044944332046,H27-38,1286,demo,L,M,1
0,2.82,-0.23618537627706793,H27-38,1286,demo,L,M,1
1,2.82,0.08410139271310337,H27-38,1286,demo,L,M,1
-1,4.64,0.21859289964737716,H27-38,1286,demo,L,M,1
0,4.64,-0.4068865610619161,H27-38,1286,demo,L,M,1
1,4.64,0.003964466495273606,H27-38,1286,demo,L,M,1
-1,6.46,0.22868650056746068,H27-38,1286,demo,L,M,1
0,6.46,-0.5179192297944872,H27-38,1286,demo,L,M,1
1,6.46,0.009044559613249067,H27-38,1286,demo,L,M,1
-1,8.28,-0.06340953233954111,H27-38,1286,demo,L,M,1
0,8.28,-0.7469376560899097,H27-38,1286,demo,L,M,1
1,8.28,-0.2923359394224808,H27-38,1286,demo,L,M,1
-1,10.1,0.11271765637645502,H27-38,1286,demo,L,M,1
0,10.1,-0.7710316086199599,H27-38,1286,demo,L,M,1
1,10.1,0.05046504542259355,H27-38,1286,demo,L,M,1
-1,11.92,-0.1814891503954568,H27-38,1286,demo,L,M,1
0,11.92,-0.7847805736656612,H27-38,1286,demo,L,M,1
1,11.92,-0.03284493398220305,H27-38,1286,demo,L,M,1
-1,13.74,-0.24184725677831082,H27-38,1286,demo,L,M,1
0,13.74,-0.7645418817217622,H27-38,1286,demo,L,M,1
1,13.74,-0.05487320518780164,H27-38,1286,demo,L,M,1
-1,15.56,-0.12931526685425676,H27-38,1286,demo,L,M,1
0,15.56,-0.7638205554863792,H27-38,1286,demo,L,M,1
1,15.56,-0.006238994300845629,H27-38,1286,demo,L,M,1
-1,17.38,-0.18403032182908846,H27-38,1286,demo,L,M,1
0,17.38,-0.6916019011799334,H27-38,1286,demo,L,M,1
1,17.38,0.04225872345715468,H27-38,1286,demo,L,M,1
-1,19.2,-0.1836063381870493,H27-38,1286,demo,L,M,1
0,19.2,-0.6758113189363225,H27-38,1286,demo,L,M,1
1,19.2,0.07127062482981916,H27-38,1286,demo,L,M,1
-1,1.0,0.6320555162101394,H27-23,1390,demo,L,F,1
0,1.0,-0.0019044396585589864,H27-23,1390,demo,L,F,1
1,1.0,0.07856373720866885,H27-23,1390,demo,L,F,1
-1,2.82,0.49999904751134794,H27-23,1390,demo,L,F,1
0,2.82,-0.07665720627565639,H27-23,1390,demo,L,F,1
1,2.82,-0.08923653222616804,H27-23,1390,demo,L,F,1
-1,4.64,0.3745857161285682,H27-23,1390,demo,L,F,1
0,4.64,0.06036071154925994,H27-23,1390,demo,L,F,1
1,4.64,0.14962915347668204,H27-23,1390,demo,L,F,1
-1,6.46,0.041672165335916896,H27-23,1390,demo,L,F,1
0,6.46,-0.3831179490069291,H27-23,1390,demo,L,F,1
1,6.46,0.23112232192520782,H27-23,1390,demo,L,F,1
-1,8.28,-0.030011527865671354,H27-23,1390,demo,L,F,1
0,8.28,-0.4028690335872751,H27-23,1390,demo,L,F,1
1,8.28,0.3677126723732027,H27-23,1390,demo,L,F,1
-1,10.1,-0.08618949884897131,H27-23,1390,demo,L,F,1
0,10.1,-0.44362242054617596,H27-23,1390,demo,L,F,1
1,10.1,0.3377503637281444,H27-23,1390,demo,L,F,1
-1,11.92,-0.12686205779770662,H27-23,1390,demo,L,F,1
0,11.92,-0.5184691976610083,H27-23,1390,demo,L,F,1
1,11.92,0.2462483022627593,H27-23,1390,demo,L,F,1
-1,13.74,-0.15720881061619815,H27-23,1390,demo,L,F,1
0,13.74,-0.5643167145290091,H27-23,1390,demo,L,F,1
1,13.74,0.3148584310505911,H27-23,1390,demo,L,F,1
-1,15.56,-0.08600449893553909,H27-23,1390,demo,L,F,1
0,15.56,-0.4711357564427467,H27-23,1390,demo,L,F,1
1,15.56,0.3825385292877897,H27-23,1390,demo,L,F,1
-1,17.38,-0.2578444508148508,H27-23,1390,demo,L,F,1
0,17.38,-0.43398462082606953,H27-23,1390,demo,L,F,1
1,17.38,0.4263162751489185,H27-23,1390,demo,L,F,1
-1,19.2,-0.3055527021614292,H27-23,1390,demo,L,F,1
0,19.2,-0.5064341255969691,H27-23,1390,demo,L,F,1
1,19.2,0.5877667763280661,H27-23,1390,demo,L,F,1
-1,1.0,0.22927359926043053,H27-28,1310,demo,L,F,1
0,1.0,0.04955955663856331,H27-28,1310,demo,L,F,1
1,1.0,0.45211831897089355,H27-28,1310,demo,L,F,1
-1,2.82,0.16857930174042643,H27-28,1310,demo,L,F,1
0,2.82,0.09833792601524873,H27-28,1310,demo,L,F,1
1,2.82,0.39926676727995725,H27-28,1310,demo,L,F,1
-1,4.64,0.05443831716192001,H27-28,1310,demo,L,F,1
0,4.64,-0.012628953589568183,H27-28,1310,demo,L,F,1
1,4.64,0.5697163507071478,H27-28,1310,demo,L,F,1
-1,6.46,0.08121164299284638,H27-28,1310,demo,L,F,1
0,6.46,0.08142498356112887,H27-28,1310,demo,L,F,1
1,6.46,0.4830030465914302,H27-28,1310,demo,L,F,1
-1,8.28,-0.33397295322973725,H27-28,1310,demo,L,F,1
0,8.28,-0.1477385968483771,H27-28,1310,demo,L,F,1
1,8.28,0.603303729373278,H27-28,1310,demo,L,F,1
-1,10.1,-0.2630602807616095,H27-28,1310,demo,L,F,1
0,10.1,0.1549310434275607,H27-28,1310,demo,L,F,1
1,10.1,0.04908613197232262,H27-28,1310,demo,L,F,1
-1,11.92,-0.48614506928860346,H27-28,1310,demo,L,F,1
0,11.92,-0.49797821499136863,H27-28,1310,demo,L,F,1
1,11.92,-0.007888763801843394,H27-28,1310,demo,L,F,1
-1,13.74,-0.5351011385729912,H27-28,1310,demo,L,F,1
0,13.74,-0.5403147014820284,H27-28,1310,demo,L,F,1
1,13.74,-0.14171411907291792,H27-28,1310,demo,L,F,1
-1,15.56,-0.5905235957256235,H27-28,1310,demo,L,F,1
0,15.56,-0.589142792306156,H27-28,1310,demo,L,F,1
1,15.56,-0.20389863827470858,H27-28,1310,demo,L,F,1
-1,17.38,-0.6524010216892203,H27-28,1310,demo,L,F,1
0,17.38,-0.6450809541246849,H27-28,1310,demo,L,F,1
1,17.38,-0.27267251677894483,H27-28,1310,demo,L,F,1
-1,19.2,-0.6516223132412269,H27-28,1310,demo,L,F,1
0,19.2,-0.6872099725331208,H27-28,1310,demo,L,F,1
1,19.2,-0.3080173269746665,H27-28,1310,demo,L,F,1
-1,1.0,-0.4003673316719878,H27-24,1080,demo,L,F,1
0,1.0,-0.36334852863676037,H27-24,1080,demo,L,F,1
1,1.0,-0.0890845098445892,H27-24,1080,demo,L,F,1
-1,2.82,-0.635245956150213,H27-24,1080,demo,L,F,1
0,2.82,-0.35174060693807324,H27-24,1080,demo,L,F,1
1,2.82,-0.05351036648020597,H27-24,1080,demo,L,F,1
-1,4.64,-0.6372550597150474,H27-24,1080,demo,L,F,1
0,4.64,-0.44987357495993613,H27-24,1080,demo,L,F,1
1,4.64,-0.25582253301836505,H27-24,1080,demo,L,F,1
-1,6.46,-0.5569412565080293,H27-24,1080,demo,L,F,1
0,6.46,-0.17577263209847702,H27-24,1080,demo,L,F,1
1,6.46,-0.077908132365293,H27-24,1080,demo,L,F,1
-1,8.28,-0.4738044421655628,H27-24,1080,demo,L,F,1
0,8.28,-0.016105237406725474,H27-24,1080,demo,L,F,1
1,8.28,0.22007903935792483,H27-24,1080,demo,L,F,1
-1,10.1,-0.5384906676671912,H27-24,1080,demo,L,F,1
0,10.1,-0.22936837087999354,H27-24,1080,demo,L,F,1
1,10.1,0.10189742376733779,H27-24,1080,demo,L,F,1
-1,11.92,-0.5348063538360266,H27-24,1080,demo,L,F,1
0,11.92,-0.22328790101521795,H27-24,1080,demo,L,F,1
1,11.92,0.028364872747762098,H27-24,1080,demo,L,F,1
-1,13.74,-0.22072016124200125,H27-24,1080,demo,L,F,1
0,13.74,-0.26431733004892144,H27-24,1080,demo,L,F,1
1,13.74,0.0326598999773092,H27-24,1080,demo,L,F,1
-1,15.56,-0.33556148395291197,H27-24,1080,demo,L,F,1
0,15.56,-0.2643173300489214,H27-24,1080,demo,L,F,1
1,15.56,0.139298271066012,H27-24,1080,demo,L,F,1
-1,17.38,-0.10746823331319015,H27-24,1080,demo,L,F,1
0,17.38,-0.15854540769792477,H27-24,1080,demo,L,F,1
1,17.38,0.032783473496512075,H27-24,1080,demo,L,F,1
-1,19.2,0.06330772221203333,H27-24,1080,demo,L,F,1
0,19.2,-0.09189565493774765,H27-24,1080,demo,L,F,1
1,19.2,-0.310686222302056,H27-24,1080,demo,L,F,1
-1,1.0,0.32972696070059715,H27-25,1125,demo,L,F,1
0,1.0,0.5644659889067953,H27-25,1125,demo,L,F,1
1,1.0,-0.5856474807706669,H27-25,1125,demo,L,F,1
-1,2.82,0.1866275059463843,H27-25,1125,demo,L,F,1
0,2.82,0.5138055050885683,H27-25,1125,demo,L,F,1
1,2.82,-0.5160045564329447,H27-25,1125,demo,L,F,1
-1,4.64,0.160165520307257,H27-25,1125,demo,L,F,1
0,4.64,0.5116903530772783,H27-25,1125,demo,L,F,1
1,4.64,-0.5280797477978191,H27-25,1125,demo,L,F,1
-1,6.46,0.22873360969979575,H27-25,1125,demo,L,F,1
0,6.46,0.4554730593780393,H27-25,1125,demo,L,F,1
1,6.46,-0.5799278952775591,H27-25,1125,demo,L,F,1
-1,8.28,0.2208367377791988,H27-25,1125,demo,L,F,1
0,8.28,0.379513499981089,H27-25,1125,demo,L,F,1
1,8.28,-0.6156913668988085,H27-25,1125,demo,L,F,1
-1,10.1,0.18774252562142713,H27-25,1125,demo,L,F,1
0,10.1,0.3645784705327956,H27-25,1125,demo,L,F,1
1,10.1,-0.575489308166076,H27-25,1125,demo,L,F,1
-1,11.92,0.22054835132106176,H27-25,1125,demo,L,F,1
0,11.92,0.388129903609406,H27-25,1125,demo,L,F,1
1,11.92,-0.1775398679641665,H27-25,1125,demo,L,F,1
-1,13.74,-0.27330735478637175,H27-25,1125,demo,L,F,1
0,13.74,-0.20556352187661378,H27-25,1125,demo,L,F,1
1,13.74,-0.41731698173690707,H27-25,1125,demo,L,F,1
-1,15.56,-0.25942663012265177,H27-25,1125,demo,L,F,1
0,15.56,-0.17329932416105126,H27-25,1125,demo,L,F,1
1,15.56,-0.3873731524287896,H27-25,1125,demo,L,F,1
-1,17.38,-0.30884583886409384,H27-25,1125,demo,L,F,1
0,17.38,-0.13282342995655025,H27-25,1125,demo,L,F,1
1,17.38,-0.1822309150789202,H27-25,1125,demo,L,F,1
-1,19.2,0.2179685145889446,H27-25,1125,demo,L,F,1
0,19.2,-0.28650115522989356,H27-25,1125,demo,L,F,1
1,19.2,-0.22487140122129443,H27-25,1125,demo,L,F,1
-1,1.0,0.062383517974916036,H27-19,1394,demo,L,M,1
0,1.0,0.05375956579991839,H27-19,1394,demo,L,M,1
1,1.0,0.08459561688269746,H27-19,1394,demo,L,M,1
-1,2.82,-0.17013675250580798,H27-19,1394,demo,L,M,1
0,2.82,-0.02300302244669071,H27-19,1394,demo,L,M,1
1,2.82,0.19342815760413215,H27-19,1394,demo,L,M,1
-1,4.64,-0.2608206324067479,H27-19,1394,demo,L,M,1
0,4.64,-0.07353957577735461,H27-19,1394,demo,L,M,1
1,4.64,0.08017449173932922,H27-19,1394,demo,L,M,1
-1,6.46,-0.3022337148766026,H27-19,1394,demo,L,M,1
0,6.46,-0.0873704102140172,H27-19,1394,demo,L,M,1
1,6.46,0.03947965530966036,H27-19,1394,demo,L,M,1
-1,8.28,-0.3135647862776363,H27-19,1394,demo,L,M,1
0,8.28,-0.11082871921635695,H27-19,1394,demo,L,M,1
1,8.28,0.13290625582165153,H27-19,1394,demo,L,M,1
-1,10.1,-0.3429644574742515,H27-19,1394,demo,L,M,1
0,10.1,-0.29990727844208687,H27-19,1394,demo,L,M,1
1,10.1,0.07050373893359191,H27-19,1394,demo,L,M,1
-1,11.92,-0.3338762364463722,H27-19,1394,demo,L,M,1
0,11.92,-0.26455548642380583,H27-19,1394,demo,L,M,1
1,11.92,0.17268680613288784,H27-19,1394,demo,L,M,1
-1,13.74,-0.34636766305557465,H27-19,1394,demo,L,M,1
0,13.74,-0.20651883193670428,H27-19,1394,demo,L,M,1
1,13.74,0.07782015691184449,H27-19,1394,demo,L,M,1
-1,15.56,-0.46848767774009215,H27-19,1394,demo,L,M,1
0,15.56,-0.21957793194680764,H27-19,1394,demo,L,M,1
1,15.56,0.08898989007613221,H27-19,1394,demo,L,M,1
-1,17.38,-0.02880222970825049,H27-19,1394,demo,L,M,1
0,17.38,-0.34674183458490965,H27-19,1394,demo,L,M,1
1,17.38,0.07276842638176852,H27-19,1394,demo,L,M,1
-1,19.2,-0.09081774718131776,H27-19,1394,demo,L,M,1
0,19.2,-0.6725728616768111,H27-19,1394,demo,L,M,1
1,19.2,0.09807063891382048,H27-19,1394,demo,L,M,1
-1,1.0,0.22232494313941045,H27-27,1320,demo,L,F,1
0,1.0,0.2072827300602266,H27-27,1320,demo,L,F,1
1,1.0,0.2114697378245355,H27-27,1320,demo,L,F,1
-1,2.82,0.3237826521045256,H27-27,1320,demo,L,F,1
0,2.82,0.1408317616886377,H27-27,1320,demo,L,F,1
1,2.82,0.008052186374327024,H27-27,1320,demo,L,F,1
-1,4.64,0.23615999903855167,H27-27,1320,demo,L,F,1
0,4.64,0.059420176242707276,H27-27,1320,demo,L,F,1
1,4.64,-0.43126093790560227,H27-27,1320,demo,L,F,1
-1,6.46,-0.06275549905810222,H27-27,1320,demo,L,F,1
0,6.46,-0.05159629941679534,H27-27,1320,demo,L,F,1
1,6.46,-0.4264627466266232,H27-27,1320,demo,L,F,1
-1,8.28,-0.27992775871867737,H27-27,1320,demo,L,F,1
0,8.28,-0.19357815084833369,H27-27,1320,demo,L,F,1
1,8.28,-0.333687891031778,H27-27,1320,demo,L,F,1
-1,10.1,-0.3051321571999042,H27-27,1320,demo,L,F,1
0,10.1,0.013256444345510779,H27-27,1320,demo,L,F,1
1,10.1,0.04590368767484715,H27-27,1320,demo,L,F,1
-1,11.92,-0.1736160962073269,H27-27,1320,demo,L,F,1
0,11.92,0.1609263121235736,H27-27,1320,demo,L,F,1
1,11.92,-0.001205175024713886,H27-27,1320,demo,L,F,1
-1,13.74,-0.14852060516046073,H27-27,1320,demo,L,F,1
0,13.74,0.06850006946604055,H27-27,1320,demo,L,F,1
1,13.74,0.1264137645600567,H27-27,1320,demo,L,F,1
-1,15.56,-0.09496679570639752,H27-27,1320,demo,L,F,1
0,15.56,-0.09116364958859141,H27-27,1320,demo,L,F,1
1,15.56,0.15503413291998483,H27-27,1320,demo,L,F,1
-1,17.38,-0.16999991819645976,H27-27,1320,demo,L,F,1
0,17.38,-0.043387450119746214,H27-27,1320,demo,L,F,1
1,17.38,0.02524360734239785,H27-27,1320,demo,L,F,1
-1,19.2,-0.2729960981643888,H27-27,1320,demo,L,F,1
0,19.2,-0.006111201429967185,H27-27,1320,demo,L,F,1
1,19.2,0.15944415540376145,H27-27,1320,demo,L,F,1
-1,1.0,-0.11994070430474804,H27-30,1082,demo,L,F,1
0,1.0,-0.2636513092144658,H27-30,1082,demo,L,F,1
1,1.0,0.0016060560472845467,H27-30,1082,demo,L,F,1
-1,2.82,0.009126124879463128,H27-30,1082,demo,L,F,1
0,2.82,-0.0660291710448762,H27-30,1082,demo,L,F,1
1,2.82,0.05877867902991044,H27-30,1082,demo,L,F,1
-1,4.64,0.09325088490383264,H27-30,1082,demo,L,F,1
0,4.64,-0.013450423912710896,H27-30,1082,demo,L,F,1
1,4.64,0.1619694939427868,H27-30,1082,demo,L,F,1
-1,6.46,0.3223713100061222,H27-30,1082,demo,L,F,1
0,6.46,0.18945925968798286,H27-30,1082,demo,L,F,1
1,6.46,-0.37043895231495266,H27-30,1082,demo,L,F,1
-1,8.28,0.1279556163020503,H27-30,1082,demo,L,F,1
0,8.28,-0.2261839008273089,H27-30,1082,demo,L,F,1
1,8.28,-0.11051852677835691,H27-30,1082,demo,L,F,1
-1,10.1,0.16678395713450406,H27-30,1082,demo,L,F,1
0,10.1,-0.22496976880367076,H27-30,1082,demo,L,F,1
1,10.1,-0.027788005905154397,H27-30,1082,demo,L,F,1
-1,11.92,0.19880603916951473,H27-30,1082,demo,L,F,1
0,11.92,-0.3391543507322879,H27-30,1082,demo,L,F,1
1,11.92,-0.003264583988367683,H27-30,1082,demo,L,F,1
-1,13.74,-0.040088927452910844,H27-30,1082,demo,L,F,1
0,13.74,-0.3227605884324389,H27-30,1082,demo,L,F,1
1,13.74,-0.016056186312832253,H27-30,1082,demo,L,F,1
-1,15.56,-0.11362484952513566,H27-30,1082,demo,L,F,1
0,15.56,-0.46139865867515545,H27-30,1082,demo,L,F,1
1,15.56,0.33929866734947134,H27-30,1082,demo,L,F,1
-1,17.38,-0.0670667155207736,H27-30,1082,demo,L,F,1
0,17.38,-0.5264164212333173,H27-30,1082,demo,L,F,1
1,17.38,0.4579900624594336,H27-30,1082,demo,L,F,1
-1,19.2,0.022576815036720935,H27-30,1082,demo,L,F,1
0,19.2,-0.7832679199972123,H27-30,1082,demo,L,F,1
1,19.2,0.42864378143291454,H27-30,1082,demo,L,F,1
-1,1.0,-0.08963836859942911,H27-02,916,demo,L,M,1
0,1.0,-0.8919758197177655,H27-02,916,demo,L,M,1
1,1.0,0.044184451555894844,H27-02,916,demo,L,M,1
-1,2.82,-0.13954260956438888,H27-02,916,demo,L,M,1
0,2.82,-0.7641427378915456,H27-02,916,demo,L,M,1
1,2.82,0.11031354593376363,H27-02,916,demo,L,M,1
-1,4.64,-0.16300370998658664,H27-02,916,demo,L,M,1
0,4.64,-0.7729716565441676,H27-02,916,demo,L,M,1
1,4.64,-0.4003094644546918,H27-02,916,demo,L,M,1
-1,6.46,-0.19503122916923837,H27-02,916,demo,L,M,1
0,6.46,-0.8004980511295121,H27-02,916,demo,L,M,1
1,6.46,-0.4893486994152173,H27-02,916,demo,L,M,1
-1,8.28,-0.19297349613146397,H27-02,916,demo,L,M,1
0,8.28,-0.7191872601559834,H27-02,916,demo,L,M,1
1,8.28,-0.4855950987136998,H27-02,916,demo,L,M,1
-1,10.1,-0.21048690036713297,H27-02,916,demo,L,M,1
0,10.1,-0.7958244428067024,H27-02,916,demo,L,M,1
1,10.1,-0.5074880492068871,H27-02,916,demo,L,M,1
-1,11.92,-0.1605962826942359,H27-02,916,demo,L,M,1
0,11.92,-0.7705826380858695,H27-02,916,demo,L,M,1
1,11.92,-0.44186212194610613,H27-02,916,demo,L,M,1
-1,13.74,0.08318874698072724,H27-02,916,demo,L,M,1
0,13.74,-0.6340524207475896,H27-02,916,demo,L,M,1
1,13.74,-0.4975061351972742,H27-02,916,demo,L,M,1
-1,15.56,0.1773453349920884,H27-02,916,demo,L,M,1
0,15.56,-0.5734227764477035,H27-02,916,demo,L,M,1
1,15.56,-0.43323728116060994,H27-02,916,demo,L,M,1
-1,17.38,0.25520872108838544,H27-02,916,demo,L,M,1
0,17.38,-0.3781264440165979,H27-02,916,demo,L,M,1
1,17.38,-0.4812324715681658,H27-02,916,demo,L,M,1
-1,19.2,0.3127265048098736,H27-02,916,demo,L,M,1
0,19.2,-0.44237057451415535,H27-02,916,demo,L,M,1
1,19.2,-0.44445463144297775,H27-02,916,demo,L,M,1
-1,1.0,0.7345805158532784,H27-15,1111,demo,L,F,1
0,1.0,-0.5477777449588479,H27-15,1111,demo,L,F,1
1,1.0,-0.022753471320625936,H27-15,1111,demo,L,F,1
-1,2.82,-0.044417729897568564,H27-15,1111,demo,L,F,1
0,2.82,0.30690147763297765,H27-15,1111,demo,L,F,1
1,2.82,0.11376827461414349,H27-15,1111,demo,L,F,1
-1,4.64,-0.2468194373299743,H27-15,1111,demo,L,F,1
0,4.64,-0.35977678796553875,H27-15,1111,demo,L,F,1
1,4.64,-0.11066949325573369,H27-15,1111,demo,L,F,1
-1,6.46,-0.4332524097319715,H27-15,1111,demo,L,F,1
0,6.46,-0.659320875480249,H27-15,1111,demo,L,F,1
1,6.46,-0.3519288911503844,H27-15,1111,demo,L,F,1
-1,8.28,-0.3234475462138604,H27-15,1111,demo,L,F,1
0,8.28,-0.7463136760955233,H27-15,1111,demo,L,F,1
1,8.28,-0.39910384767565826,H27-15,1111,demo,L,F,1
-1,10.1,0.022115063625785313,H27-15,1111,demo,L,F,1
0,10.1,-0.5719986381406126,H27-15,1111,demo,L,F,1
1,10.1,-0.4318257160613871,H27-15,1111,demo,L,F,1
-1,11.92,-0.11096640918600302,H27-15,1111,demo,L,F,1
0,11.92,-0.3469902001530571,H27-15,1111,demo,L,F,1
1,11.92,-0.4491497514671552,H27-15,1111,demo,L,F,1
-1,13.74,0.2315949833371396,H27-15,1111,demo,L,F,1
0,13.74,0.03223354547496951,H27-15,1111,demo,L,F,1
1,13.74,-0.20365924392549922,H27-15,1111,demo,L,F,1
-1,15.56,0.24269095536180454,H27-15,1111,demo,L,F,1
0,15.56,0.05017018623550817,H27-15,1111,demo,L,F,1
1,15.56,0.1009650596148048,H27-15,1111,demo,L,F,1
-1,17.38,0.22074242231558575,H27-15,1111,demo,L,F,1
0,17.38,0.09434849330578368,H27-15,1111,demo,L,F,1
1,17.38,0.12534227382964236,H27-15,1111,demo,L,F,1
-1,19.2,-0.3923187534283386,H27-15,1111,demo,L,F,1
0,19.2,-0.6004384107331547,H27-15,1111,demo,L,F,1
1,19.2,0.09573611986297156,H27-15,1111,demo,L,F,1
-1,1.0,-0.03835770402003686,H27-41,916,demo,L,M,1
0,1.0,0.38129501762022217,H27-41,916,demo,L,M,1
1,1.0,0.5827440599681634,H27-41,916,demo,L,M,1
-1,2.82,0.06461378934295424,H27-41,916,demo,L,M,1
0,2.82,0.47656400546317634,H27-41,916,demo,L,M,1
1,2.82,0.1391962103720687,H27-41,916,demo,L,M,1
-1,4.64,0.3712342790686737,H27-41,916,demo,L,M,1
0,4.64,0.1546002536865273,H27-41,916,demo,L,M,1
1,4.64,0.30842841484480404,H27-41,916,demo,L,M,1
-1,6.46,0.3262796893375741,H27-41,916,demo,L,M,1
0,6.46,0.11069733383656116,H27-41,916,demo,L,M,1
1,6.46,0.06349841725129446,H27-41,916,demo,L,M,1
-1,8.28,0.500472674487545,H27-41,916,demo,L,M,1
0,8.28,-0.12930900008958585,H27-41,916,demo,L,M,1
1,8.28,0.1297759105753748,H27-41,916,demo,L,M,1
-1,10.1,0.3722140411940794,H27-41,916,demo,L,M,1
0,10.1,-0.23590811767098716,H27-41,916,demo,L,M,1
1,10.1,-0.09517456640197686,H27-41,916,demo,L,M,1
-1,11.92,0.19302799923566596,H27-41,916,demo,L,M,1
0,11.92,-0.6707642145901914,H27-41,916,demo,L,M,1
1,11.92,-0.25194950222878737,H27-41,916,demo,L,M,1
-1,13.74,0.1944311309311604,H27-41,916,demo,L,M,1
0,13.74,-0.7459083283530311,H27-41,916,demo,L,M,1
1,13.74,-0.34040207916093546,H27-41,916,demo,L,M,1
-1,15.56,0.2708319291766938,H27-41,916,demo,L,M,1
0,15.56,-0.7332715577449199,H27-41,916,demo,L,M,1
1,15.56,-0.3772177460186731,H27-41,916,demo,L,M,1
-1,17.38,0.2716479672371698,H27-41,916,demo,L,M,1
0,17.38,-0.8416867721053231,H27-41,916,demo,L,M,1
1,17.38,-0.2935799255675252,H27-41,916,demo,L,M,1
-1,19.2,0.4264600421373292,H27-41,916,demo,L,M,1
0,19.2,-0.8667606723494308,H27-41,916,demo,L,M,1
1,19.2,0.15296204262523036,H27-41,916,demo,L,M,1
-1,1.0,0.06878889950955235,H27-21,1117,demo,L,M,1
0,1.0,-0.37304246359505405,H27-21,1117,demo,L,M,1
1,1.0,-0.40200965226685215,H27-21,1117,demo,L,M,1
-1,2.82,-0.15376005071846696,H27-21,1117,demo,L,M,1
0,2.82,-0.49578763006168863,H27-21,1117,demo,L,M,1
1,2.82,-0.31517927911064464,H27-21,1117,demo,L,M,1
-1,4.64,-0.11744330685099291,H27-21,1117,demo,L,M,1
0,4.64,-0.2704667288317207,H27-21,1117,demo,L,M,1
1,4.64,-0.5085353040493743,H27-21,1117,demo,L,M,1
-1,6.46,0.16849467845170013,H27-21,1117,demo,L,M,1
0,6.46,-0.40067238497963326,H27-21,1117,demo,L,M,1
1,6.46,-0.4025298066318566,H27-21,1117,demo,L,M,1
-1,8.28,0.3329118605753572,H27-21,1117,demo,L,M,1
0,8.28,-0.1860389809097584,H27-21,1117,demo,L,M,1
1,8.28,-0.5243361804061875,H27-21,1117,demo,L,M,1
-1,10.1,0.12829994698920558,H27-21,1117,demo,L,M,1
0,10.1,0.2745930285205306,H27-21,1117,demo,L,M,1
1,10.1,-0.5753601359972486,H27-21,1117,demo,L,M,1
-1,11.92,0.3026229083127902,H27-21,1117,demo,L,M,1
0,11.92,0.3766420541130109,H27-21,1117,demo,L,M,1
1,11.92,-0.4717921284139938,H27-21,1117,demo,L,M,1
-1,13.74,0.3056283969758922,H27-21,1117,demo,L,M,1
0,13.74,0.30881352288075,H27-21,1117,demo,L,M,1
1,13.74,-0.6712233748973756,H27-21,1117,demo,L,M,1
-1,15.56,0.24065495772335113,H27-21,1117,demo,L,M,1
0,15.56,0.2770339486206062,H27-21,1117,demo,L,M,1
1,15.56,-0.6346125359181541,H27-21,1117,demo,L,M,1
-1,17.38,0.2572712960124342,H27-21,1117,demo,L,M,1
0,17.38,0.2834800695809718,H27-21,1117,demo,L,M,1
1,17.38,-0.621080212280651,H27-21,1117,demo,L,M,1
-1,19.2,0.29546264000789463,H27-21,1117,demo,L,M,1
0,19.2,0.08403792767893577,H27-21,1117,demo,L,M,1
1,19.2,-0.47988391945865005,H27-21,1117,demo,L,M,1
-1,1.0,0.367633980163937,H27-20,1375,demo,L,F,1
0,1.0,0.44361481560218374,H27-20,1375,demo,L,F,1
1,1.0,-0.027929714212477932,H27-20,1375,demo,L,F,1
-1,2.82,0.4423266189481528,H27-20,1375,demo,L,F,1
0,2.82,0.6606294443469807,H27-20,1375,demo,L,F,1
1,2.82,0.38058675904346817,H27-20,1375,demo,L,F,1
-1,4.64,0.6370139956030253,H27-20,1375,demo,L,F,1
0,4.64,0.38774764949749363,H27-20,1375,demo,L,F,1
1,4.64,0.1754096509631518,H27-20,1375,demo,L,F,1
-1,6.46,0.5072129620584263,H27-20,1375,demo,L,F,1
0,6.46,0.175484574528084,H27-20,1375,demo,L,F,1
1,6.46,-0.12004322152728247,H27-20,1375,demo,L,F,1
-1,8.28,0.2710293317202708,H27-20,1375,demo,L,F,1
0,8.28,0.11784699876779764,H27-20,1375,demo,L,F,1
1,8.28,-0.09705488497246012,H27-20,1375,demo,L,F,1
-1,10.1,0.27119124166319436,H27-20,1375,demo,L,F,1
0,10.1,0.19521925991698624,H27-20,1375,demo,L,F,1
1,10.1,-0.19824040038044374,H27-20,1375,demo,L,F,1
-1,11.92,0.12014036133531138,H27-20,1375,demo,L,F,1
0,11.92,-0.12920233193669012,H27-20,1375,demo,L,F,1
1,11.92,-0.3476987104323822,H27-20,1375,demo,L,F,1
-1,13.74,-0.010238654417973836,H27-20,1375,demo,L,F,1
0,13.74,-0.0685989846004242,H27-20,1375,demo,L,F,1
1,13.74,-0.28821812186596146,H27-20,1375,demo,L,F,1
-1,15.56,-0.30819954045201925,H27-20,1375,demo,L,F,1
0,15.56,-0.3356344226454334,H27-20,1375,demo,L,F,1
1,15.56,-0.1387065509848531,H27-20,1375,demo,L,F,1
-1,17.38,-0.33605659962236206,H27-20,1375,demo,L,F,1
0,17.38,-0.29109952114705473,H27-20,1375,demo,L,F,1
1,17.38,-0.34995331043088984,H27-20,1375,demo,L,F,1
-1,19.2,-0.3102925525154584,H27-20,1375,demo,L,F,1
0,19.2,-0.26221905846376764,H27-20,1375,demo,L,F,1
1,19.2,-0.33543362711727126,H27-20,1375,demo,L,F,1
-1,1.0,0.38876947610165913,H27-44,926,demo,L,M,1
0,1.0,-0.6962542966404126,H27-44,926,demo,L,M,1
1,1.0,0.44421298545947957,H27-44,926,demo,L,M,1
-1,2.82,0.5672325091534237,H27-44,926,demo,L,M,1
0,2.82,-0.730255522515646,H27-44,926,demo,L,M,1
1,2.82,0.6437059090902437,H27-44,926,demo,L,M,1
-1,4.64,0.5750687146661607,H27-44,926,demo,L,M,1
0,4.64,-0.7357814109618632,H27-44,926,demo,L,M,1
1,4.64,0.47744463355928796,H27-44,926,demo,L,M,1
-1,6.46,0.06129244480982279,H27-44,926,demo,L,M,1
0,6.46,-0.7266387158895664,H27-44,926,demo,L,M,1
1,6.46,0.0780676483434721,H27-44,926,demo,L,M,1
-1,8.28,-0.5266865473133543,H27-44,926,demo,L,M,1
0,8.28,-0.5847835130302305,H27-44,926,demo,L,M,1
1,8.28,0.03832492734534895,H27-44,926,demo,L,M,1
-1,10.1,-0.40384140195312845,H27-44,926,demo,L,M,1
0,10.1,-0.49125082904131717,H27-44,926,demo,L,M,1
1,10.1,0.06360205464529643,H27-44,926,demo,L,M,1
-1,11.92,-0.18284284435588324,H27-44,926,demo,L,M,1
0,11.92,-0.7006573327487161,H27-44,926,demo,L,M,1
1,11.92,-0.2146438649921245,H27-44,926,demo,L,M,1
-1,13.74,-0.23349959598109554,H27-44,926,demo,L,M,1
0,13.74,-0.6507078246080489,H27-44,926,demo,L,M,1
1,13.74,-0.004390816111339562,H27-44,926,demo,L,M,1
-1,15.56,-0.14858977130329995,H27-44,926,demo,L,M,1
0,15.56,-0.5119377587591933,H27-44,926,demo,L,M,1
1,15.56,0.07407153206508511,H27-44,926,demo,L,M,1
-1,17.38,-0.030235705516873886,H27-44,926,demo,L,M,1
0,17.38,-0.4418288049849638,H27-44,926,demo,L,M,1
1,17.38,0.15586800017184838,H27-44,926,demo,L,M,1
-1,19.2,0.08113886183501122,H27-44,926,demo,L,M,1
0,19.2,-0.38052477576471494,H27-44,926,demo,L,M,1
1,19.2,0.3887671311813468,H27-44,926,demo,L,M,1
-1,1.0,0.16388702237349134,H27-39,1110,demo,L,M,1
0,1.0,-0.3092735561477615,H27-39,1110,demo,L,M,1
1,1.0,-0.139121489600488,H27-39,1110,demo,L,M,1
-1,2.82,-0.20935778818301864,H27-39,1110,demo,L,M,1
0,2.82,-0.7555984098612528,H27-39,1110,demo,L,M,1
1,2.82,-0.21511622712936992,H27-39,1110,demo,L,M,1
-1,4.64,-0.11308227478134576,H27-39,1110,demo,L,M,1
0,4.64,-0.7672322148489864,H27-39,1110,demo,L,M,1
1,4.64,-0.09004732468438338,H27-39,1110,demo,L,M,1
-1,6.46,-0.07730382036003203,H27-39,1110,demo,L,M,1
0,6.46,-0.7864484520797604,H27-39,1110,demo,L,M,1
1,6.46,-0.2193423067092777,H27-39,1110,demo,L,M,1
-1,8.28,0.028831144709040732,H27-39,1110,demo,L,M,1
0,8.28,-0.6624588158723818,H27-39,1110,demo,L,M,1
1,8.28,-0.3327634858638008,H27-39,1110,demo,L,M,1
-1,10.1,0.14593171019324833,H27-39,1110,demo,L,M,1
0,10.1,-0.624541477265343,H27-39,1110,demo,L,M,1
1,10.1,-0.2518141063924931,H27-39,1110,demo,L,M,1
-1,11.92,0.3126019989028188,H27-39,1110,demo,L,M,1
0,11.92,-0.5676446991910472,H27-39,1110,demo,L,M,1
1,11.92,-0.29482598744933664,H27-39,1110,demo,L,M,1
-1,13.74,0.319286271390824,H27-39,1110,demo,L,M,1
0,13.74,-0.6224652217202455,H27-39,1110,demo,L,M,1
1,13.74,-0.1377670983221533,H27-39,1110,demo,L,M,1
-1,15.56,0.4907333580916017,H27-39,1110,demo,L,M,1
0,15.56,-0.5191209459030899,H27-39,1110,demo,L,M,1
1,15.56,0.0902008352329897,H27-39,1110,demo,L,M,1
-1,17.38,0.0339167800025787,H27-39,1110,demo,L,M,1
0,17.38,-0.5056301772971407,H27-39,1110,demo,L,M,1
1,17.38,0.011338163259185286,H27-39,1110,demo,L,M,1
-1,19.2,0.142269471228948,H27-39,1110,demo,L,M,1
0,19.2,-0.5090934397537732,H27-39,1110,demo,L,M,1
1,19.2,0.036440006185541676,H27-39,1110,demo,L,M,1
-1,1.0,0.11069149280638453,H27-36,1105,demo,L,F,1
0,1.0,-0.19765220447437773,H27-36,1105,demo,L,F,1
1,1.0,0.09101012389684429,H27-36,1105,demo,L,F,1
-1,2.82,0.5962438432088109,H27-36,1105,demo,L,F,1
0,2.82,-0.33175017655115313,H27-36,1105,demo,L,F,1
1,2.82,0.18287713116030438,H27-36,1105,demo,L,F,1
-1,4.64,0.5525143114462544,H27-36,1105,demo,L,F,1
0,4.64,-0.3125296032549312,H27-36,1105,demo,L,F,1
1,4.64,-0.08760403690850366,H27-36,1105,demo,L,F,1
-1,6.46,0.25124921619371826,H27-36,1105,demo,L,F,1
0,6.46,-0.11932633060295,H27-36,1105,demo,L,F,1
1,6.46,-0.051029204273342614,H27-36,1105,demo,L,F,1
-1,8.28,0.24780231620186435,H27-36,1105,demo,L,F,1
0,8.28,-0.0640754923667041,H27-36,1105,demo,L,F,1
1,8.28,-0.30997383398747214,H27-36,1105,demo,L,F,1
-1,10.1,0.2449149728800382,H27-36,1105,demo,L,F,1
0,10.1,-0.08730955340268497,H27-36,1105,demo,L,F,1
1,10.1,-0.3154189537959034,H27-36,1105,demo,L,F,1
-1,11.92,0.24077570639045023,H27-36,1105,demo,L,F,1
0,11.92,-0.14449059660977895,H27-36,1105,demo,L,F,1
1,11.92,-0.3809801011299402,H27-36,1105,demo,L,F,1
-1,13.74,0.09442808395076097,H27-36,1105,demo,L,F,1
0,13.74,-0.06320471574838427,H27-36,1105,demo,L,F,1
1,13.74,-0.31593209377285175,H27-36,1105,demo,L,F,1
-1,15.56,0.09468908183632509,H27-36,1105,demo,L,F,1
0,15.56,-0.061691142228929345,H27-36,1105,demo,L,F,1
1,15.56,-0.23332183166567613,H27-36,1105,demo,L,F,1
-1,17.38,0.11208339293119214,H27-36,1105,demo,L,F,1
0,17.38,-0.025528018366317518,H27-36,1105,demo,L,F,1
1,17.38,-0.0860710244820477,H27-36,1105,demo,L,F,1
-1,19.2,-0.3330267341908107,H27-36,1105,demo,L,F,1
0,19.2,0.2768557541682786,H27-36,1105,demo,L,F,1
1,19.2,-0.1369210461795319,H27-36,1105,demo,L,F,1
-1,1.0,-0.01832987076940296,H27-40,910,demo,L,F,1
0,1.0,-0.46156346394433345,H27-40,910,demo,L,F,1
1,1.0,0.7370888845375889,H27-40,910,demo,L,F,1
-1,2.82,-0.0035245791944095994,H27-40,910,demo,L,F,1
0,2.82,-0.3368984405057625,H27-40,910,demo,L,F,1
1,2.82,0.6334885423462243,H27-40,910,demo,L,F,1
-1,4.64,0.13531329062808767,H27-40,910,demo,L,F,1
0,4.64,-0.29113019206477087,H27-40,910,demo,L,F,1
1,4.64,0.4857639171762282,H27-40,910,demo,L,F,1
-1,6.46,0.42305193959261544,H27-40,910,demo,L,F,1
0,6.46,-0.1635256556316018,H27-40,910,demo,L,F,1
1,6.46,0.3117656026895067,H27-40,910,demo,L,F,1
-1,8.28,0.5119642851085577,H27-40,910,demo,L,F,1
0,8.28,-0.16883992534677758,H27-40,910,demo,L,F,1
1,8.28,0.044410976974362325,H27-40,910,demo,L,F,1
-1,10.1,0.41806882662509925,H27-40,910,demo,L,F,1
0,10.1,-0.043376967777923395,H27-40,910,demo,L,F,1
1,10.1,-0.07641356391246053,H27-40,910,demo,L,F,1
-1,11.92,0.5795364549077607,H27-40,910,demo,L,F,1
0,11.92,0.1110917497982338,H27-40,910,demo,L,F,1
1,11.92,0.06929733343256099,H27-40,910,demo,L,F,1
-1,13.74,0.3736654987607913,H27-40,910,demo,L,F,1
0,13.74,0.42122402565092903,H27-40,910,demo,L,F,1
1,13.74,-0.22500800499347548,H27-40,910,demo,L,F,1
-1,15.56,0.4591308462991187,H27-40,910,demo,L,F,1
0,15.56,0.563408754836203,H27-40,910,demo,L,F,1
1,15.56,-0.3860090693051128,H27-40,910,demo,L,F,1
-1,17.38,0.3187517808520451,H27-40,910,demo,L,F,1
0,17.38,0.4027683349948331,H27-40,910,demo,L,F,1
1,17.38,-0.41011004235434323,H27-40,910,demo,L,F,1
-1,19.2,0.08774111817250883,H27-40,910,demo,L,F,1
0,19.2,-0.10865180929322639,H27-40,910,demo,L,F,1
1,19.2,-0.5543383681912194,H27-40,910,demo,L,F,1
-1,1.0,-0.12085759934601868,H27-33,1103,demo,L,M,1
0,1.0,-0.40090667520324297,H27-33,1103,demo,L,M,1
1,1.0,0.4590708586820055,H27-33,1103,demo,L,M,1
-1,2.82,-0.05057188256691724,H27-33,1103,demo,L,M,1
0,2.82,-0.30561232654667475,H27-33,1103,demo,L,M,1
1,2.82,0.5164601271428841,H27-33,1103,demo,L,M,1
-1,4.64,-0.01501930859776268,H27-33,1103,demo,L,M,1
0,4.64,-0.404695360170859,H27-33,1103,demo,L,M,1
1,4.64,0.30087290408916795,H27-33,1103,demo,L,M,1
-1,6.46,-0.12122883039539235,H27-33,1103,demo,L,M,1
0,6.46,-0.34714250869934055,H27-33,1103,demo,L,M,1
1,6.46,0.4259169582483868,H27-33,1103,demo,L,M,1
-1,8.28,-0.18998673705932922,H27-33,1103,demo,L,M,1
0,8.28,-0.40656769239806884,H27-33,1103,demo,L,M,1
1,8.28,0.41785425368526047,H27-33,1103,demo,L,M,1
-1,10.1,-0.14371012101652675,H27-33,1103,demo,L,M,1
0,10.1,-0.41546464550345913,H27-33,1103,demo,L,M,1
1,10.1,0.3620895293371712,H27-33,1103,demo,L,M,1
-1,11.92,-0.16117555155439556,H27-33,1103,demo,L,M,1
0,11.92,-0.4439270237346969,H27-33,1103,demo,L,M,1
1,11.92,0.3327008990013974,H27-33,1103,demo,L,M,1
-1,13.74,-0.25274307786178624,H27-33,1103,demo,L,M,1
0,13.74,-0.644354153345906,H27-33,1103,demo,L,M,1
1,13.74,0.5386024887629572,H27-33,1103,demo,L,M,1
-1,15.56,-0.39699637074396293,H27-33,1103,demo,L,M,1
0,15.56,-0.312513755456875,H27-33,1103,demo,L,M,1
1,15.56,0.23250057610876554,H27-33,1103,demo,L,M,1
-1,17.38,-0.22532533444289543,H27-33,1103,demo,L,M,1
0,17.38,-0.13362153839055751,H27-33,1103,demo,L,M,1
1,17.38,0.5635080390888653,H27-33,1103,demo,L,M,1
-1,19.2,-0.26596062945567406,H27-33,1103,demo,L,M,1
0,19.2,0.0005439368969420348,H27-33,1103,demo,L,M,1
1,19.2,0.5579277240610812,H27-33,1103,demo,L,M,1
-1,1.0,-0.36116760192813235,H27-10,1356,demo,L,F,1
0,1.0,0.3396428348403807,H27-10,1356,demo,L,F,1
1,1.0,-0.20284564604476446,H27-10,1356,demo,L,F,1
-1,2.82,-0.3354295337676967,H27-10,1356,demo,L,F,1
0,2.82,0.26394703927645075,H27-10,1356,demo,L,F,1
1,2.82,-0.12655720960268552,H27-10,1356,demo,L,F,1
-1,4.64,-0.31930998405624544,H27-10,1356,demo,L,F,1
0,4.64,0.27002630050153686,H27-10,1356,demo,L,F,1
1,4.64,-0.11330128356279476,H27-10,1356,demo,L,F,1
-1,6.46,-0.288705218321774,H27-10,1356,demo,L,F,1
0,6.46,0.3185177750492259,H27-10,1356,demo,L,F,1
1,6.46,-0.09425258794103854,H27-10,1356,demo,L,F,1
-1,8.28,-0.2739812672449796,H27-10,1356,demo,L,F,1
0,8.28,0.350198871275104,H27-10,1356,demo,L,F,1
1,8.28,-0.14545648695873323,H27-10,1356,demo,L,F,1
-1,10.1,-0.0057410052903992025,H27-10,1356,demo,L,F,1
0,10.1,0.3483772757464218,H27-10,1356,demo,L,F,1
1,10.1,-0.11001296070300334,H27-10,1356,demo,L,F,1
-1,11.92,0.05902360106327496,H27-10,1356,demo,L,F,1
0,11.92,0.11392979127603002,H27-10,1356,demo,L,F,1
1,11.92,-0.25622027897494976,H27-10,1356,demo,L,F,1
-1,13.74,0.07323117090493479,H27-10,1356,demo,L,F,1
0,13.74,0.02974986035174672,H27-10,1356,demo,L,F,1
1,13.74,-0.14734094789191876,H27-10,1356,demo,L,F,1
-1,15.56,0.02420953576749079,H27-10,1356,demo,L,F,1
0,15.56,0.029198167380185856,H27-10,1356,demo,L,F,1
1,15.56,0.004108284857513535,H27-10,1356,demo,L,F,1
-1,17.38,-0.3909610648148608,H27-10,1356,demo,L,F,1
0,17.38,-0.2985335558376651,H27-10,1356,demo,L,F,1
1,17.38,0.16305122910115327,H27-10,1356,demo,L,F,1
-1,19.2,-0.417779889452112,H27-10,1356,demo,L,F,1
0,19.2,-0.26772290728103,H27-10,1356,demo,L,F,1
1,19.2,0.2912401273789483,H27-10,1356,demo,L,F,1
-1,1.0,0.3506933089384811,H27-12,1123,demo,L,M,1
0,1.0,0.36713289178355013,H27-12,1123,demo,L,M,1
1,1.0,-0.06412148979829976,H27-12,1123,demo,L,M,1
-1,2.82,0.2393181473721256,H27-12,1123,demo,L,M,1
0,2.82,0.1708063487570924,H27-12,1123,demo,L,M,1
1,2.82,-0.02119702056597718,H27-12,1123,demo,L,M,1
-1,4.64,0.12224785258106283,H27-12,1123,demo,L,M,1
0,4.64,0.11171900120151841,H27-12,1123,demo,L,M,1
1,4.64,0.05228414960298223,H27-12,1123,demo,L,M,1
-1,6.46,-0.027205003143514175,H27-12,1123,demo,L,M,1
0,6.46,0.16039459145975649,H27-12,1123,demo,L,M,1
1,6.46,0.1151535856154852,H27-12,1123,demo,L,M,1
-1,8.28,-0.04546143867284721,H27-12,1123,demo,L,M,1
0,8.28,-0.37066177474261286,H27-12,1123,demo,L,M,1
1,8.28,-0.16638251413259686,H27-12,1123,demo,L,M,1
-1,10.1,-0.4378802099049699,H27-12,1123,demo,L,M,1
0,10.1,-0.40009137221375557,H27-12,1123,demo,L,M,1
1,10.1,-0.19396916374961148,H27-12,1123,demo,L,M,1
-1,11.92,-0.32353727887365,H27-12,1123,demo,L,M,1
0,11.92,-0.42648114766061385,H27-12,1123,demo,L,M,1
1,11.92,-0.1975695034615893,H27-12,1123,demo,L,M,1
-1,13.74,-0.2469406710905735,H27-12,1123,demo,L,M,1
0,13.74,-0.3709227875614459,H27-12,1123,demo,L,M,1
1,13.74,-0.06599606270291933,H27-12,1123,demo,L,M,1
-1,15.56,-0.23770539912333036,H27-12,1123,demo,L,M,1
0,15.56,-0.3235356576960513,H27-12,1123,demo,L,M,1
1,15.56,0.07116737120215232,H27-12,1123,demo,L,M,1
-1,17.38,-0.20455079144490784,H27-12,1123,demo,L,M,1
0,17.38,-0.22439978571546734,H27-12,1123,demo,L,M,1
1,17.38,0.11741039652910246,H27-12,1123,demo,L,M,1
-1,19.2,-0.19607276510051763,H27-12,1123,demo,L,M,1
0,19.2,-0.2265209645424343,H27-12,1123,demo,L,M,1
1,19.2,0.20369837677036903,H27-12,1123,demo,L,M,1
-1,1.0,-0.2929468892912447,H27-18,1374,demo,L,F,1
0,1.0,-0.48542493829945005,H27-18,1374,demo,L,F,1
1,1.0,-0.06464963231613377,H27-18,1374,demo,L,F,1
-1,2.82,-0.6088498874300298,H27-18,1374,demo,L,F,1
0,2.82,-0.5188391552018329,H27-18,1374,demo,L,F,1
1,2.82,-0.06495315939174458,H27-18,1374,demo,L,F,1
-1,4.64,-0.6280184899723917,H27-18,1374,demo,L,F,1
0,4.64,-0.47752206682971515,H27-18,1374,demo,L,F,1
1,4.64,-0.13121651272994114,H27-18,1374,demo,L,F,1
-1,6.46,-0.4429178024308456,H27-18,1374,demo,L,F,1
0,6.46,-0.6638856639539947,H27-18,1374,demo,L,F,1
1,6.46,-0.26590781416003495,H27-18,1374,demo,L,F,1
-1,8.28,-0.5581815356449155,H27-18,1374,demo,L,F,1
0,8.28,-0.738169034091168,H27-18,1374,demo,L,F,1
1,8.28,-0.373796067486204,H27-18,1374,demo,L,F,1
-1,10.1,-0.4392791805236845,H27-18,1374,demo,L,F,1
0,10.1,-0.7223478442619324,H27-18,1374,demo,L,F,1
1,10.1,-0.2938351928632486,H27-18,1374,demo,L,F,1
-1,11.92,0.20349951469627406,H27-18,1374,demo,L,F,1
0,11.92,-0.6384172943744026,H27-18,1374,demo,L,F,1
1,11.92,-0.2443530988297614,H27-18,1374,demo,L,F,1
-1,13.74,0.3314252202102081,H27-18,1374,demo,L,F,1
0,13.74,-0.48857266133696936,H27-18,1374,demo,L,F,1
1,13.74,0.1396315328623691,H27-18,1374,demo,L,F,1
-1,15.56,0.47595353709457777,H27-18,1374,demo,L,F,1
0,15.56,-0.6060030177423342,H27-18,1374,demo,L,F,1
1,15.56,0.14829122319260327,H27-18,1374,demo,L,F,1
-1,17.38,0.526371327900705,H27-18,1374,demo,L,F,1
0,17.38,-0.5986905477768198,H27-18,1374,demo,L,F,1
1,17.38,0.12336489677968972,H27-18,1374,demo,L,F,1
-1,19.2,0.5714983746697284,H27-18,1374,demo,L,F,1
0,19.2,-0.5706766003652027,H27-18,1374,demo,L,F,1
1,19.2,0.13038818965144125,H27-18,1374,demo,L,F,1
-1,1.0,-0.12452425590713755,H27-26,1117,demo,L,F,1
0,1.0,-0.2008782479889419,H27-26,1117,demo,L,F,1
1,1.0,0.22769095416747664,H27-26,1117,demo,L,F,1
-1,2.82,-0.12676982152178182,H27-26,1117,demo,L,F,1
0,2.82,-0.1590618534412201,H27-26,1117,demo,L,F,1
1,2.82,0.23303412541000534,H27-26,1117,demo,L,F,1
-1,4.64,-0.09289210595546961,H27-26,1117,demo,L,F,1
0,4.64,-0.15682478166903668,H27-26,1117,demo,L,F,1
1,4.64,0.18300621726286798,H27-26,1117,demo,L,F,1
-1,6.46,0.14187193249952473,H27-26,1117,demo,L,F,1
0,6.46,-0.4982245685611101,H27-26,1117,demo,L,F,1
1,6.46,0.13910904166761712,H27-26,1117,demo,L,F,1
-1,8.28,0.1975724604384642,H27-26,1117,demo,L,F,1
0,8.28,-0.4674059250577189,H27-26,1117,demo,L,F,1
1,8.28,-0.23614341712124864,H27-26,1117,demo,L,F,1
-1,10.1,0.4968336146405405,H27-26,1117,demo,L,F,1
0,10.1,-0.57719020275549,H27-26,1117,demo,L,F,1
1,10.1,-0.2832813728789156,H27-26,1117,demo,L,F,1
-1,11.92,-0.2931797683482653,H27-26,1117,demo,L,F,1
0,11.92,-0.6946628857415369,H27-26,1117,demo,L,F,1
1,11.92,-0.561535848560522,H27-26,1117,demo,L,F,1
-1,13.74,-0.45186834535870357,H27-26,1117,demo,L,F,1
0,13.74,-0.8742507384632704,H27-26,1117,demo,L,F,1
1,13.74,-0.20445228802484955,H27-26,1117,demo,L,F,1
-1,15.56,-0.6703314363475953,H27-26,1117,demo,L,F,1
0,15.56,-0.5605541749769907,H27-26,1117,demo,L,F,1
1,15.56,-0.45713217794624933,H27-26,1117,demo,L,F,1
-1,17.38,-0.6575802516477469,H27-26,1117,demo,L,F,1
0,17.38,-0.7308212029574457,H27-26,1117,demo,L,F,1
1,17.38,-0.46847207565835086,H27-26,1117,demo,L,F,1
-1,19.2,-0.6348927266119514,H27-26,1117,demo,L,F,1
0,19.2,-0.5647843509743744,H27-26,1117,demo,L,F,1
1,19.2,-0.28011042247824547,H27-26,1117,demo,L,F,1
-1,1.0,0.9520947138210323,H27-11,987,demo,L,M,1
0,1.0,0.3529752924282647,H27-11,987,demo,L,M,1
1,1.0,-0.07838217191999361,H27-11,987,demo,L,M,1
-1,2.82,0.8721937423454419,H27-11,987,demo,L,M,1
0,2.82,0.42932044715011347,H27-11,987,demo,L,M,1
1,2.82,0.10124861143024083,H27-11,987,demo,L,M,1
-1,4.64,-0.03623565065034228,H27-11,987,demo,L,M,1
0,4.64,0.3182033869395036,H27-11,987,demo,L,M,1
1,4.64,0.5849570616225624,H27-11,987,demo,L,M,1
-1,6.46,-0.04761310303403658,H27-11,987,demo,L,M,1
0,6.46,0.6754890026927047,H27-11,987,demo,L,M,1
1,6.46,0.43880226714990217,H27-11,987,demo,L,M,1
-1,8.28,-0.15847122893125187,H27-11,987,demo,L,M,1
0,8.28,0.6767984611856802,H27-11,987,demo,L,M,1
1,8.28,0.375672788876966,H27-11,987,demo,L,M,1
-1,10.1,-0.03536185286247644,H27-11,987,demo,L,M,1
0,10.1,0.7049775139356322,H27-11,987,demo,L,M,1
1,10.1,0.5713416665137678,H27-11,987,demo,L,M,1
-1,11.92,0.13915880429531394,H27-11,987,demo,L,M,1
0,11.92,0.71569068306134,H27-11,987,demo,L,M,1
1,11.92,0.6678619293136877,H27-11,987,demo,L,M,1
-1,13.74,0.11931231995230862,H27-11,987,demo,L,M,1
0,13.74,0.6489290760882704,H27-11,987,demo,L,M,1
1,13.74,0.7107009717724555,H27-11,987,demo,L,M,1
-1,15.56,0.08370435968745912,H27-11,987,demo,L,M,1
0,15.56,0.6259582931732252,H27-11,987,demo,L,M,1
1,15.56,0.6063195166947734,H27-11,987,demo,L,M,1
-1,17.38,-0.016724365012258168,H27-11,987,demo,L,M,1
0,17.38,0.4442242174495097,H27-11,987,demo,L,M,1
1,17.38,0.49496320320914977,H27-11,987,demo,L,M,1
-1,19.2,0.027836072383873565,H27-11,987,demo,L,M,1
0,19.2,0.46378836928999195,H27-11,987,demo,L,M,1
1,19.2,0.4505923106702936,H27-11,987,demo,L,M,1
-1,1.0,0.30900329304926505,H27-29,1100,demo,L,F,1
0,1.0,0.5591249148992624,H27-29,1100,demo,L,F,1
1,1.0,-0.13233167063323226,H27-29,1100,demo,L,F,1
-1,2.82,0.2879237061701569,H27-29,1100,demo,L,F,1
0,2.82,0.09211947979183982,H27-29,1100,demo,L,F,1
1,2.82,-0.132105168636942,H27-29,1100,demo,L,F,1
-1,4.64,0.3258736982132644,H27-29,1100,demo,L,F,1
0,4.64,0.10512727231441583,H27-29,1100,demo,L,F,1
1,4.64,-0.3449162687097817,H27-29,1100,demo,L,F,1
-1,6.46,0.08432998861315985,H27-29,1100,demo,L,F,1
0,6.46,-0.3899423808423682,H27-29,1100,demo,L,F,1
1,6.46,-0.543777009121643,H27-29,1100,demo,L,F,1
-1,8.28,0.06751890081737043,H27-29,1100,demo,L,F,1
0,8.28,-0.5260908924283021,H27-29,1100,demo,L,F,1
1,8.28,-0.15270237397989128,H27-29,1100,demo,L,F,1
-1,10.1,0.18514058762470967,H27-29,1100,demo,L,F,1
0,10.1,-0.010887583683837163,H27-29,1100,demo,L,F,1
1,10.1,-0.25098584456812256,H27-29,1100,demo,L,F,1
-1,11.92,0.4499240273340262,H27-29,1100,demo,L,F,1
0,11.92,0.2546801961086449,H27-29,1100,demo,L,F,1
1,11.92,-0.09202656572071845,H27-29,1100,demo,L,F,1
-1,13.74,0.6187385802928523,H27-29,1100,demo,L,F,1
0,13.74,0.45756194427909885,H27-29,1100,demo,L,F,1
1,13.74,0.11127844471892086,H27-29,1100,demo,L,F,1
-1,15.56,0.6349584212725341,H27-29,1100,demo,L,F,1
0,15.56,0.689566038884578,H27-29,1100,demo,L,F,1
1,15.56,0.42226177088561184,H27-29,1100,demo,L,F,1
-1,17.38,0.4824532612551667,H27-29,1100,demo,L,F,1
0,17.38,0.45608633775330115,H27-29,1100,demo,L,F,1
1,17.38,0.444698923577029,H27-29,1100,demo,L,F,1
-1,19.2,0.3050736434748304,H27-29,1100,demo,L,F,1
0,19.2,0.3811892875906905,H27-29,1100,demo,L,F,1
1,19.2,0.36887552516357064,H27-29,1100,demo,L,F,1
-1,1.0,-0.11501132465387395,H27-37,925,demo,L,M,1
0,1.0,-0.3270065095726672,H27-37,925,demo,L,M,1
1,1.0,0.02947370736455206,H27-37,925,demo,L,M,1
-1,2.82,-0.04272418288939093,H27-37,925,demo,L,M,1
0,2.82,-0.506707585616207,H27-37,925,demo,L,M,1
1,2.82,0.0013661897208380716,H27-37,925,demo,L,M,1
-1,4.64,-0.07097102672969416,H27-37,925,demo,L,M,1
0,4.64,-0.6775076444302557,H27-37,925,demo,L,M,1
1,4.64,0.30439620335381823,H27-37,925,demo,L,M,1
-1,6.46,0.07986969337673094,H27-37,925,demo,L,M,1
0,6.46,-0.5931464307774355,H27-37,925,demo,L,M,1
1,6.46,0.11214782167496236,H27-37,925,demo,L,M,1
-1,8.28,-0.02138683141116258,H27-37,925,demo,L,M,1
0,8.28,-0.7510485875816335,H27-37,925,demo,L,M,1
1,8.28,-0.169042096592003,H27-37,925,demo,L,M,1
-1,10.1,-0.18321889017074933,H27-37,925,demo,L,M,1
0,10.1,-0.7639778162002672,H27-37,925,demo,L,M,1
1,10.1,-0.22025705432931136,H27-37,925,demo,L,M,1
-1,11.92,-0.13850846735053507,H27-37,925,demo,L,M,1
0,11.92,-0.5332217610139909,H27-37,925,demo,L,M,1
1,11.92,-0.2208460995768867,H27-37,925,demo,L,M,1
-1,13.74,-0.03492883997426141,H27-37,925,demo,L,M,1
0,13.74,-0.41549301089540513,H27-37,925,demo,L,M,1
1,13.74,-0.025097172079279997,H27-37,925,demo,L,M,1
-1,15.56,0.2378721890556148,H27-37,925,demo,L,M,1
0,15.56,-0.08339427989612545,H27-37,925,demo,L,M,1
1,15.56,0.157592329815253,H27-37,925,demo,L,M,1
-1,17.38,0.17188315104289878,H27-37,925,demo,L,M,1
0,17.38,-0.0686751782719195,H27-37,925,demo,L,M,1
1,17.38,0.026304347545607887,H27-37,925,demo,L,M,1
-1,19.2,-0.04800155056131059,H27-37,925,demo,L,M,1
0,19.2,-0.38326055805783127,H27-37,925,demo,L,M,1
1,19.2,-0.17587072653755167,H27-37,925,demo,L,M,1
-1,1.0,0.32245742487761336,H27-01,1357,demo,L,M,1
0,1.0,-0.30325712189380444,H27-01,1357,demo,L,M,1
1,1.0,0.1846459043956953,H27-01,1357,demo,L,M,1
-1,2.82,0.3480608261495042,H27-01,1357,demo,L,M,1
0,2.82,-0.32653129051139046,H27-01,1357,demo,L,M,1
1,2.82,0.34554904699172423,H27-01,1357,demo,L,M,1
-1,4.64,0.09379300948178,H27-01,1357,demo,L,M,1
0,4.64,-0.06984900674566129,H27-01,1357,demo,L,M,1
1,4.64,0.211737200956975,H27-01,1357,demo,L,M,1
-1,6.46,0.2696017222558766,H27-01,1357,demo,L,M,1
0,6.46,0.02816256184195378,H27-01,1357,demo,L,M,1
1,6.46,0.363870417283734,H27-01,1357,demo,L,M,1
-1,8.28,0.3825443618142555,H27-01,1357,demo,L,M,1
0,8.28,0.24930542891392757,H27-01,1357,demo,L,M,1
1,8.28,0.5056716059894033,H27-01,1357,demo,L,M,1
-1,10.1,0.452577608017484,H27-01,1357,demo,L,M,1
0,10.1,0.02505787792202538,H27-01,1357,demo,L,M,1
1,10.1,0.3592976366561379,H27-01,1357,demo,L,M,1
-1,11.92,0.27705101110499586,H27-01,1357,demo,L,M,1
0,11.92,0.04904443476930925,H27-01,1357,demo,L,M,1
1,11.92,0.7429731414134337,H27-01,1357,demo,L,M,1
-1,13.74,0.18668391099456955,H27-01,1357,demo,L,M,1
0,13.74,0.0406770890400882,H27-01,1357,demo,L,M,1
1,13.74,0.7036179295957847,H27-01,1357,demo,L,M,1
-1,15.56,0.22274694745111584,H27-01,1357,demo,L,M,1
0,15.56,-0.0809599593370167,H27-01,1357,demo,L,M,1
1,15.56,0.6976850362852092,H27-01,1357,demo,L,M,1
-1,17.38,0.08258610290911834,H27-01,1357,demo,L,M,1
0,17.38,-0.08095995933701673,H27-01,1357,demo,L,M,1
1,17.38,0.7099534504234849,H27-01,1357,demo,L,M,1
-1,19.2,-0.04524152378305142,H27-01,1357,demo,L,M,1
0,19.2,-0.17240957696777068,H27-01,1357,demo,L,M,1
1,19.2,0.6635849892740568,H27-01,1357,demo,L,M,1
-1,1.0,-0.42398549650523476,H27-07,933,demo,L,F,1
0,1.0,-0.18551387789086854,H27-07,933,demo,L,F,1
1,1.0,0.08218696218188487,H27-07,933,demo,L,F,1
-1,2.82,-0.3080527384075799,H27-07,933,demo,L,F,1
0,2.82,-0.1983920679058015,H27-07,933,demo,L,F,1
1,2.82,0.0673660977833987,H27-07,933,demo,L,F,1
-1,4.64,-0.2597453074318382,H27-07,933,demo,L,F,1
0,4.64,0.007550735681157971,H27-07,933,demo,L,F,1
1,4.64,0.24874954859615167,H27-07,933,demo,L,F,1
-1,6.46,-0.4049824847840674,H27-07,933,demo,L,F,1
0,6.46,-0.14591249053225527,H27-07,933,demo,L,F,1
1,6.46,0.3324351388276909,H27-07,933,demo,L,F,1
-1,8.28,-0.5466485669737018,H27-07,933,demo,L,F,1
0,8.28,-0.13606512131317394,H27-07,933,demo,L,F,1
1,8.28,0.17943934978076087,H27-07,933,demo,L,F,1
-1,10.1,-0.6500106633710743,H27-07,933,demo,L,F,1
0,10.1,-0.3133487578919565,H27-07,933,demo,L,F,1
1,10.1,-0.2160853034422931,H27-07,933,demo,L,F,1
-1,11.92,-0.7293138539448826,H27-07,933,demo,L,F,1
0,11.92,-0.4718341435288292,H27-07,933,demo,L,F,1
1,11.92,-0.1666258958726328,H27-07,933,demo,L,F,1
-1,13.74,-0.851180058015437,H27-07,933,demo,L,F,1
0,13.74,-0.5812723280574591,H27-07,933,demo,L,F,1
1,13.74,-0.17329800942799944,H27-07,933,demo,L,F,1
-1,15.56,-0.49706472843588406,H27-07,933,demo,L,F,1
0,15.56,-0.5463896822993133,H27-07,933,demo,L,F,1
1,15.56,-0.19661853156057607,H27-07,933,demo,L,F,1
-1,17.38,-0.7757058479874173,H27-07,933,demo,L,F,1
0,17.38,-0.17237907733053742,H27-07,933,demo,L,F,1
1,17.38,0.17434912392860022,H27-07,933,demo,L,F,1
-1,19.2,-0.6029009337708524,H27-07,933,demo,L,F,1
0,19.2,0.016412911082691023,H27-07,933,demo,L,F,1
1,19.2,0.25385302474562177,H27-07,933,demo,L,F,1
-1,1.0,0.41305352495959935,H27-35,1094,demo,L,F,1
0,1.0,0.0005062060242115087,H27-35,1094,demo,L,F,1
1,1.0,0.02779691912294594,H27-35,1094,demo,L,F,1
-1,2.82,0.2537853338479622,H27-35,1094,demo,L,F,1
0,2.82,0.7680019688656811,H27-35,1094,demo,L,F,1
1,2.82,0.13524324203656635,H27-35,1094,demo,L,F,1
-1,4.64,0.150189069582614,H27-35,1094,demo,L,F,1
0,4.64,0.677708851356871,H27-35,1094,demo,L,F,1
1,4.64,0.1053881962534196,H27-35,1094,demo,L,F,1
-1,6.46,0.05760968562567438,H27-35,1094,demo,L,F,1
0,6.46,0.577108937441368,H27-35,1094,demo,L,F,1
1,6.46,-0.0004285454848999043,H27-35,1094,demo,L,F,1
-1,8.28,0.026100935137028304,H27-35,1094,demo,L,F,1
0,8.28,0.23855784475882022,H27-35,1094,demo,L,F,1
1,8.28,0.10183982736941627,H27-35,1094,demo,L,F,1
-1,10.1,0.13100095659711444,H27-35,1094,demo,L,F,1
0,10.1,0.08844019093864994,H27-35,1094,demo,L,F,1
1,10.1,0.10012182912901002,H27-35,1094,demo,L,F,1
-1,11.92,-0.023878144438833352,H27-35,1094,demo,L,F,1
0,11.92,-0.04270784416862046,H27-35,1094,demo,L,F,1
1,11.92,-0.052626063439631984,H27-35,1094,demo,L,F,1
-1,13.74,0.13513958131443396,H27-35,1094,demo,L,F,1
0,13.74,-0.3717826694491729,H27-35,1094,demo,L,F,1
1,13.74,0.2632845061471447,H27-35,1094,demo,L,F,1
-1,15.56,0.11201971435447704,H27-35,1094,demo,L,F,1
0,15.56,-0.16454679867904523,H27-35,1094,demo,L,F,1
1,15.56,-0.12674825797322845,H27-35,1094,demo,L,F,1
-1,17.38,0.6165987318902804,H27-35,1094,demo,L,F,1
0,17.38,0.0695097843027543,H27-35,1094,demo,L,F,1
1,17.38,-0.06843704043153293,H27-35,1094,demo,L,F,1
-1,19.2,0.30692579944266424,H27-35,1094,demo,L,F,1
0,19.2,-0.6536465582387435,H27-35,1094,demo,L,F,1
1,19.2,-0.4362744722752676,H27-35,1094,demo,L,F,1
-1,1.0,0.5835207161504308,H27-31,1101,demo,L,M,1
0,1.0,0.6306766923503205,H27-31,1101,demo,L,M,1
1,1.0,-0.045045271051199334,H27-31,1101,demo,L,M,1
-1,2.82,-0.03493483313521303,H27-31,1101,demo,L,M,1
0,2.82,-0.12194232299961381,H27-31,1101,demo,L,M,1
1,2.82,-0.09621896616063848,H27-31,1101,demo,L,M,1
-1,4.64,-0.13656578712239476,H27-31,1101,demo,L,M,1
0,4.64,-0.3229573935257726,H27-31,1101,demo,L,M,1
1,4.64,0.09962002273016257,H27-31,1101,demo,L,M,1
-1,6.46,-0.13270590013032765,H27-31,1101,demo,L,M,1
0,6.46,-0.22553863267846141,H27-31,1101,demo,L,M,1
1,6.46,0.33831918510805836,H27-31,1101,demo,L,M,1
-1,8.28,-0.3277297426362387,H27-31,1101,demo,L,M,1
0,8.28,-0.2737741331631386,H27-31,1101,demo,L,M,1
1,8.28,0.159501663693608,H27-31,1101,demo,L,M,1
-1,10.1,-0.5051121393323456,H27-31,1101,demo,L,M,1
0,10.1,-0.18463113382153454,H27-31,1101,demo,L,M,1
1,10.1,-0.06059695707936373,H27-31,1101,demo,L,M,1
-1,11.92,-0.3139375834145765,H27-31,1101,demo,L,M,1
0,11.92,-0.0466319296936519,H27-31,1101,demo,L,M,1
1,11.92,-0.040471389233327645,H27-31,1101,demo,L,M,1
-1,13.74,-0.3235926751301836,H27-31,1101,demo,L,M,1
0,13.74,-0.0063795778319498606,H27-31,1101,demo,L,M,1
1,13.74,-0.3128021843403142,H27-31,1101,demo,L,M,1
-1,15.56,-0.1075468850405997,H27-31,1101,demo,L,M,1
0,15.56,0.20351531313981314,H27-31,1101,demo,L,M,1
1,15.56,-0.2636729885070626,H27-31,1101,demo,L,M,1
-1,17.38,-0.730827489178239,H27-31,1101,demo,L,M,1
0,17.38,0.17313690573931284,H27-31,1101,demo,L,M,1
1,17.38,-0.13227308370177082,H27-31,1101,demo,L,M,1
-1,19.2,-0.6942273379829716,H27-31,1101,demo,L,M,1
0,19.2,0.27321801853970085,H27-31,1101,demo,L,M,1
1,19.2,-0.11272438314501236,H27-31,1101,demo,L,M,1
-1,1.0,-0.07547978698741822,H27-09,1083,demo,L,F,1
0,1.0,0.6072717051099195,H27-09,1083,demo,L,F,1
1,1.0,-0.45137284069180195,H27-09,1083,demo,L,F,1
-1,2.82,-0.1734935245100235,H27-09,1083,demo,L,F,1
0,2.82,-0.12965503259256425,H27-09,1083,demo,L,F,1
1,2.82,-0.5551723665689426,H27-09,1083,demo,L,F,1
-1,4.64,0.40238618686017613,H27-09,1083,demo,L,F,1
0,4.64,0.058258875412615395,H27-09,1083,demo,L,F,1
1,4.64,-0.44686023912024136,H27-09,1083,demo,L,F,1
-1,6.46,0.45597832279946293,H27-09,1083,demo,L,F,1
0,6.46,0.14559614730029113,H27-09,1083,demo,L,F,1
1,6.46,-0.2789335220098687,H27-09,1083,demo,L,F,1
-1,8.28,0.4314209528097327,H27-09,1083,demo,L,F,1
0,8.28,0.19151666732468986,H27-09,1083,demo,L,F,1
1,8.28,-0.2610191392940703,H27-09,1083,demo,L,F,1
-1,10.1,0.6769577249488006,H27-09,1083,demo,L,F,1
0,10.1,0.11343151365648256,H27-09,1083,demo,L,F,1
1,10.1,-0.30561469457576956,H27-09,1083,demo,L,F,1
-1,11.92,0.8140051321797793,H27-09,1083,demo,L,F,1
0,11.92,0.2268111756759306,H27-09,1083,demo,L,F,1
1,11.92,-0.0066899782774750656,H27-09,1083,demo,L,F,1
-1,13.74,0.8789209820493957,H27-09,1083,demo,L,F,1
0,13.74,0.17610588257889145,H27-09,1083,demo,L,F,1
1,13.74,-0.056087540113267276,H27-09,1083,demo,L,F,1
-1,15.56,0.7612559078801595,H27-09,1083,demo,L,F,1
0,15.56,0.12677263738795316,H27-09,1083,demo,L,F,1
1,15.56,-0.10334725874017905,H27-09,1083,demo,L,F,1
-1,17.38,0.6588748106407344,H27-09,1083,demo,L,F,1
0,17.38,-0.01456021451541663,H27-09,1083,demo,L,F,1
1,17.38,-0.43002840456739233,H27-09,1083,demo,L,F,1
-1,19.2,0.6064619218703204,H27-09,1083,demo,L,F,1
0,19.2,-0.5664412636618449,H27-09,1083,demo,L,F,1
1,19.2,0.07142772947920135,H27-09,1083,demo,L,F,1
-1,1.0,0.3862612364596588,H27-43,1314,demo,L,M,1
0,1.0,0.6923210118926629,H27-43,1314,demo,L,M,1
1,1.0,0.4731440712765979,H27-43,1314,demo,L,M,1
-1,2.82,0.2704015955086735,H27-43,1314,demo,L,M,1
0,2.82,0.4669563084760549,H27-43,1314,demo,L,M,1
1,2.82,0.17117438112712738,H27-43,1314,demo,L,M,1
-1,4.64,0.15760608134528056,H27-43,1314,demo,L,M,1
0,4.64,0.2423839805011341,H27-43,1314,demo,L,M,1
1,4.64,0.23175996336880178,H27-43,1314,demo,L,M,1
-1,6.46,-0.045517035629057984,H27-43,1314,demo,L,M,1
0,6.46,0.00665772340363656,H27-43,1314,demo,L,M,1
1,6.46,0.07754368945612293,H27-43,1314,demo,L,M,1
-1,8.28,-0.057166637100716504,H27-43,1314,demo,L,M,1
0,8.28,-0.046741168718429864,H27-43,1314,demo,L,M,1
1,8.28,-0.11042153574851366,H27-43,1314,demo,L,M,1
-1,10.1,-0.10709943945439085,H27-43,1314,demo,L,M,1
0,10.1,-0.07441202666584092,H27-43,1314,demo,L,M,1
1,10.1,-0.11207708546360941,H27-43,1314,demo,L,M,1
-1,11.92,-0.16379380300260707,H27-43,1314,demo,L,M,1
0,11.92,-0.22112641117277737,H27-43,1314,demo,L,M,1
1,11.92,-0.26090261611666876,H27-43,1314,demo,L,M,1
-1,13.74,-0.23645279113047207,H27-43,1314,demo,L,M,1
0,13.74,-0.2207400822726422,H27-43,1314,demo,L,M,1
1,13.74,-0.2630939055109334,H27-43,1314,demo,L,M,1
-1,15.56,-0.3195565298378933,H27-43,1314,demo,L,M,1
0,15.56,-0.08315912178623602,H27-43,1314,demo,L,M,1
1,15.56,-0.31764481450435056,H27-43,1314,demo,L,M,1
-1,17.38,-0.22842922753572362,H27-43,1314,demo,L,M,1
0,17.38,-0.2137333596297681,H27-43,1314,demo,L,M,1
1,17.38,-0.4414616062939004,H27-43,1314,demo,L,M,1
-1,19.2,-0.35347628425169925,H27-43,1314,demo,L,M,1
0,19.2,-0.3243984231951975,H27-43,1314,demo,L,M,1
1,19.2,-0.42831696889638354,H27-43,1314,demo,L,M,1
-1,1.0,0.3536262878870735,H27-08,945,demo,L,F,1
0,1.0,-0.1422506752028453,H27-08,945,demo,L,F,1
1,1.0,-0.1526972091630544,H27-08,945,demo,L,F,1
-1,2.82,-0.2646267487426425,H27-08,945,demo,L,F,1
0,2.82,-0.5938909288065559,H27-08,945,demo,L,F,1
1,2.82,-0.2465337925394656,H27-08,945,demo,L,F,1
-1,4.64,-0.3286612338102157,H27-08,945,demo,L,F,1
0,4.64,-0.7727028819706442,H27-08,945,demo,L,F,1
1,4.64,-0.560286797950097,H27-08,945,demo,L,F,1
-1,6.46,-0.21342491815869538,H27-08,945,demo,L,F,1
0,6.46,-0.8126984220836644,H27-08,945,demo,L,F,1
1,6.46,-0.4662613553063431,H27-08,945,demo,L,F,1
-1,8.28,-0.17992982941285973,H27-08,945,demo,L,F,1
0,8.28,-0.8302725191139761,H27-08,945,demo,L,F,1
1,8.28,-0.39325593843419404,H27-08,945,demo,L,F,1
-1,10.1,-0.27861441549239074,H27-08,945,demo,L,F,1
0,10.1,-0.615162334616578,H27-08,945,demo,L,F,1
1,10.1,-0.21008517895951512,H27-08,945,demo,L,F,1
-1,11.92,-0.18988238606835417,H27-08,945,demo,L,F,1
0,11.92,-0.6002114001940427,H27-08,945,demo,L,F,1
1,11.92,-0.34274231433348623,H27-08,945,demo,L,F,1
-1,13.74,-0.03938673321698295,H27-08,945,demo,L,F,1
0,13.74,-0.48395444090844547,H27-08,945,demo,L,F,1
1,13.74,-0.22548559838603627,H27-08,945,demo,L,F,1
-1,15.56,-0.007387053489979949,H27-08,945,demo,L,F,1
0,15.56,-0.3988253175792182,H27-08,945,demo,L,F,1
1,15.56,-0.030436171796310616,H27-08,945,demo,L,F,1
-1,17.38,0.0011499627915434003,H27-08,945,demo,L,F,1
0,17.38,-0.43238600962032103,H27-08,945,demo,L,F,1
1,17.38,-0.02955404374266541,H27-08,945,demo,L,F,1
-1,19.2,-0.014858325092557379,H27-08,945,demo,L,F,1
0,19.2,-0.41130198513734056,H27-08,945,demo,L,F,1
1,19.2,-0.008317609717990938,H27-08,945,demo,L,F,1
-1,1.0,-0.3850215164751363,H27-22,1101,demo,L,F,1
0,1.0,0.46347987427770165,H27-22,1101,demo,L,F,1
1,1.0,-0.13047936092262327,H27-22,1101,demo,L,F,1
-1,2.82,-0.03936024196471628,H27-22,1101,demo,L,F,1
0,2.82,0.40582847910322123,H27-22,1101,demo,L,F,1
1,2.82,-0.20181795451551368,H27-22,1101,demo,L,F,1
-1,4.64,-0.5349048547270165,H27-22,1101,demo,L,F,1
0,4.64,-0.05646153895657107,H27-22,1101,demo,L,F,1
1,4.64,0.19454669260879068,H27-22,1101,demo,L,F,1
-1,6.46,0.2237544793000949,H27-22,1101,demo,L,F,1
0,6.46,0.28985330080683946,H27-22,1101,demo,L,F,1
1,6.46,0.36177986063668477,H27-22,1101,demo,L,F,1
-1,8.28,0.0033891335130908935,H27-22,1101,demo,L,F,1
0,8.28,-0.38488679382805685,H27-22,1101,demo,L,F,1
1,8.28,0.08909018337584262,H27-22,1101,demo,L,F,1
-1,10.1,-0.3295485108003272,H27-22,1101,demo,L,F,1
0,10.1,-0.7444752044976026,H27-22,1101,demo,L,F,1
1,10.1,-0.37026444541736026,H27-22,1101,demo,L,F,1
-1,11.92,-0.6998499020772974,H27-22,1101,demo,L,F,1
0,11.92,-0.4616991035945078,H27-22,1101,demo,L,F,1
1,11.92,-0.12475414666347827,H27-22,1101,demo,L,F,1
-1,13.74,-0.44800058672454535,H27-22,1101,demo,L,F,1
0,13.74,-0.14401592734761112,H27-22,1101,demo,L,F,1
1,13.74,0.21912631491531862,H27-22,1101,demo,L,F,1
-1,15.56,-0.2334394412567676,H27-22,1101,demo,L,F,1
0,15.56,0.02921044963493706,H27-22,1101,demo,L,F,1
1,15.56,0.41633862720861525,H27-22,1101,demo,L,F,1
-1,17.38,-0.6602763441502612,H27-22,1101,demo,L,F,1
0,17.38,0.09408067968978139,H27-22,1101,demo,L,F,1
1,17.38,0.24361578646831186,H27-22,1101,demo,L,F,1
-1,19.2,-0.6045153032459417,H27-22,1101,demo,L,F,1
0,19.2,0.16549528682851478,H27-22,1101,demo,L,F,1
1,19.2,0.5019942366007727,H27-22,1101,demo,L,F,1
-1,1.0,-0.3705039695262999,H27-06,966,demo,L,F,1
0,1.0,-0.5268838184413142,H27-06,966,demo,L,F,1
1,1.0,-0.16206282588059737,H27-06,966,demo,L,F,1
-1,2.82,-0.41845852780577075,H27-06,966,demo,L,F,1
0,2.82,-0.5170010764991247,H27-06,966,demo,L,F,1
1,2.82,-0.10118192898290829,H27-06,966,demo,L,F,1
-1,4.64,-0.41881467655106086,H27-06,966,demo,L,F,1
0,4.64,-0.5155294948491499,H27-06,966,demo,L,F,1
1,4.64,-0.0991810859432006,H27-06,966,demo,L,F,1
-1,6.46,-0.4043895460345022,H27-06,966,demo,L,F,1
0,6.46,-0.5003100399601222,H27-06,966,demo,L,F,1
1,6.46,-0.08841799696574221,H27-06,966,demo,L,F,1
-1,8.28,-0.3730459855287255,H27-06,966,demo,L,F,1
0,8.28,-0.3988371237938607,H27-06,966,demo,L,F,1
1,8.28,0.014314698750027189,H27-06,966,demo,L,F,1
-1,10.1,-0.19108380625546478,H27-06,966,demo,L,F,1
0,10.1,-0.10642913926659388,H27-06,966,demo,L,F,1
1,10.1,0.08098784744638991,H27-06,966,demo,L,F,1
-1,11.92,-0.22767783499576727,H27-06,966,demo,L,F,1
0,11.92,-0.1379928928408236,H27-06,966,demo,L,F,1
1,11.92,0.38056602723779065,H27-06,966,demo,L,F,1
-1,13.74,-0.006556025516727764,H27-06,966,demo,L,F,1
0,13.74,0.4204998382444946,H27-06,966,demo,L,F,1
1,13.74,0.0445888029787145,H27-06,966,demo,L,F,1
-1,15.56,-0.33180972970908024,H27-06,966,demo,L,F,1
0,15.56,0.22144226563241817,H27-06,966,demo,L,F,1
1,15.56,0.0826843287053556,H27-06,966,demo,L,F,1
-1,17.38,-0.22678324850255763,H27-06,966,demo,L,F,1
0,17.38,0.09556662801803822,H27-06,966,demo,L,F,1
1,17.38,-0.021933396361551488,H27-06,966,demo,L,F,1
-1,19.2,-0.35828174107201755,H27-06,966,demo,L,F,1
0,19.2,0.40229288272401603,H27-06,966,demo,L,F,1
1,19.2,0.0024957399456367307,H27-06,966,demo,L,F,1
