Lag,variable,value,ID,age,cnt,exp,first_turn,sex,trial_num
-1,1,0.10437313984691755,H27-16,1093,15,indivi,L,M,1
0,1,0.08442023091556146,H27-16,1093,15,indivi,L,M,1
1,1,-0.1716906486437997,H27-16,1093,14,indivi,L,M,1
-1,1,0.19043388670329991,H27-16,1093,13,indivi,R,M,2
0,1,0.7343080147632992,H27-16,1093,14,indivi,R,M,2
1,1,0.8706135970676104,H27-16,1093,13,indivi,R,M,2
-1,1,0.5440504915644383,H27-16,1093,16,indivi,L,M,3
0,1,0.09508775992787409,H27-16,1093,17,indivi,L,M,3
1,1,0.19634156857656265,H27-16,1093,16,indivi,L,M,3
-1,1,-0.20352229005959863,H27-16,1093,17,indivi,R,M,4
0,1,0.21213830717047127,H27-16,1093,17,indivi,R,M,4
1,1,0.45957382739368074,H27-16,1093,16,indivi,R,M,4
-1,1,0.48763877676748607,H27-16,1093,19,joint,R,M,1
0,1,0.18652737589001497,H27-16,1093,20,joint,R,M,1
1,1,-0.07414585556882863,H27-16,1093,19,joint,R,M,1
-1,1,-0.23605421905305785,H27-16,1093,20,joint,L,M,2
0,1,-0.20856999160154058,H27-16,1093,21,joint,L,M,2
1,1,-0.6171626030258083,H27-16,1093,20,joint,L,M,2
-1,1,0.016598877248435385,H27-16,1093,17,joint,R,M,3
0,1,-0.006632562951695796,H27-16,1093,17,joint,R,M,3
1,1,0.051684836107956024,H27-16,1093,16,joint,R,M,3
-1,1,-0.4266492766945796,H27-16,1093,7,joint,L,M,4
0,1,-0.05748536105124053,H27-16,1093,9,joint,L,M,4
1,1,0.16799053336904476,H27-16,1093,8,joint,L,M,4
-1,1,0.5369860995135021,H27-16,1093,19,prac,L,M,1
0,1,0.23949797433213735,H27-16,1093,20,prac,L,M,1
1,1,-0.07960658285935593,H27-16,1093,19,prac,L,M,1
-1,1,0.48628540434591033,H27-42,916,4,indivi,L,F,1
0,1,-0.7831969288799233,H27-42,916,6,indivi,L,F,1
1,1,-0.209189900097155,H27-42,916,6,indivi,L,F,1
-1,1,-0.04978578080927551,H27-42,916,7,indivi,R,F,2
0,1,-0.6782539408556588,H27-42,916,6,indivi,R,F,2
1,1,-0.43635313957107147,H27-42,916,5,indivi,R,F,2
-1,1,-0.6807739484792711,H27-42,916,5,indivi,R,F,3
0,1,-0.4698446098832078,H27-42,916,6,indivi,R,F,3
1,1,-0.7422201406514641,H27-42,916,5,indivi,R,F,3
-1,1,0.9605536188581876,H27-42,916,4,indivi,L,F,4
0,1,0.9999465890009601,H27-42,916,3,indivi,L,F,4
1,1,-0.7329134343607973,H27-42,916,3,indivi,L,F,4
-1,1,-0.47279231208952255,H27-42,916,10,joint,L,F,1
0,1,0.39352027884822555,H27-42,916,11,joint,L,F,1
1,1,-0.05013162009452783,H27-42,916,10,joint,L,F,1
-1,1,0.264599575329807,H27-42,916,10,joint,R,F,2
0,1,-0.12332628055668358,H27-42,916,10,joint,R,F,2
1,1,-0.7067789111120394,H27-42,916,10,joint,R,F,2
-1,1,-0.12669117563034676,H27-42,916,11,joint,L,F,3
0,1,0.5550631415226791,H27-42,916,12,joint,L,F,3
1,1,0.08873690236258462,H27-42,916,11,joint,L,F,3
-1,1,-0.07188925851269902,H27-42,916,7,joint,R,F,4
0,1,-0.14866787188928687,H27-42,916,7,joint,R,F,4
1,1,-0.6621116387035456,H27-42,916,7,joint,R,F,4
-1,1,0.07854631249534816,H27-42,916,17,prac,L,F,1
0,1,0.2334806880945807,H27-42,916,18,prac,L,F,1
1,1,-0.027959915744583074,H27-42,916,17,prac,L,F,1
-1,1,-0.23828071308047938,H27-07,933,6,indivi,L,F,1
0,1,0.14736316106008063,H27-07,933,8,indivi,L,F,1
1,1,0.1549596232457624,H27-07,933,5,indivi,L,F,1
-1,1,-0.2976352660911895,H27-07,933,7,indivi,R,F,2
0,1,0.6330733845292346,H27-07,933,6,indivi,R,F,2
1,1,0.7335100681719979,H27-07,933,6,indivi,R,F,2
-1,1,-0.05842745289035409,H27-07,933,8,indivi,L,F,3
0,1,-0.41583693021560303,H27-07,933,10,indivi,L,F,3
1,1,0.6732492551458059,H27-07,933,7,indivi,L,F,3
-1,1,-0.6965634310908686,H27-07,933,4,indivi,R,F,4
0,1,-0.8056718246285591,H27-07,933,5,indivi,R,F,4
1,1,0.8719569574673597,H27-07,933,6,indivi,R,F,4
-1,1,-0.14682834367719655,H27-07,933,15,joint,L,F,1
0,1,-0.35181780064105794,H27-07,933,16,joint,L,F,1
1,1,0.3301708328288264,H27-07,933,16,joint,L,F,1
-1,1,-0.25799780630564656,H27-07,933,15,joint,R,F,2
0,1,-0.29000256153446824,H27-07,933,16,joint,R,F,2
1,1,-0.22271385626428136,H27-07,933,15,joint,R,F,2
-1,1,-0.48537736278087784,H27-07,933,15,joint,L,F,3
0,1,-0.1686677249344782,H27-07,933,15,joint,L,F,3
1,1,0.462120828099938,H27-07,933,16,joint,L,F,3
-1,1,-0.30715485719410074,H27-07,933,13,joint,R,F,4
0,1,0.0772197359700234,H27-07,933,14,joint,R,F,4
1,1,0.2865820412109479,H27-07,933,13,joint,R,F,4
-1,1,-0.411330312068645,H27-07,933,14,prac,L,F,1
0,1,0.23015208166642687,H27-07,933,14,prac,L,F,1
1,1,-0.2604561587221488,H27-07,933,14,prac,L,F,1
-1,1,0.7201114505498847,H27-36,1105,19,indivi,L,F,1
0,1,0.7843760017666016,H27-36,1105,20,indivi,L,F,1
1,1,0.45965934260917835,H27-36,1105,19,indivi,L,F,1
-1,1,0.2832715899721238,H27-36,1105,19,indivi,R,F,2
0,1,0.3215714442901926,H27-36,1105,19,indivi,R,F,2
1,1,0.2079897222658659,H27-36,1105,18,indivi,R,F,2
-1,1,0.5931703738653062,H27-36,1105,19,indivi,L,F,3
0,1,0.6107790313190353,H27-36,1105,20,indivi,L,F,3
1,1,0.35388035490515846,H27-36,1105,19,indivi,L,F,3
-1,1,0.38173962131807143,H27-36,1105,18,indivi,R,F,4
0,1,0.4858666461852133,H27-36,1105,19,indivi,R,F,4
1,1,0.8257082121376044,H27-36,1105,18,indivi,R,F,4
-1,1,-0.5649950693466504,H27-36,1105,16,joint,L,F,1
0,1,0.5721942703926133,H27-36,1105,17,joint,L,F,1
1,1,0.2591212702387376,H27-36,1105,16,joint,L,F,1
-1,1,-0.030398620438140574,H27-36,1105,16,joint,R,F,2
0,1,-0.05631477408453377,H27-36,1105,16,joint,R,F,2
1,1,-0.41887169103923694,H27-36,1105,16,joint,R,F,2
-1,1,-0.13106100954840452,H27-36,1105,14,joint,R,F,3
0,1,-0.2636909451339914,H27-36,1105,15,joint,R,F,3
1,1,-0.13026125506276692,H27-36,1105,14,joint,R,F,3
-1,1,-0.07074942495522002,H27-36,1105,14,joint,L,F,4
0,1,-0.2658786566027782,H27-36,1105,15,joint,L,F,4
1,1,-0.03158957497818044,H27-36,1105,14,joint,L,F,4
-1,1,-0.16881341036310893,H27-36,1105,19,prac,L,F,1
0,1,-0.2605381703331478,H27-36,1105,20,prac,L,F,1
1,1,-0.2864778374853797,H27-36,1105,19,prac,L,F,1
-1,1,-0.11494875143776327,H27-14,957,16,indivi,L,M,1
0,1,-0.11743488140018435,H27-14,957,17,indivi,L,M,1
1,1,0.08960989517376873,H27-14,957,16,indivi,L,M,1
-1,1,0.47612232865808835,H27-14,957,16,indivi,R,M,2
0,1,-0.10701856360296627,H27-14,957,17,indivi,R,M,2
1,1,0.33783664359135773,H27-14,957,16,indivi,R,M,2
-1,1,-0.3825719878415032,H27-14,957,12,indivi,R,M,3
0,1,-0.2703063209900049,H27-14,957,11,indivi,R,M,3
1,1,-0.17914599142671858,H27-14,957,10,indivi,R,M,3
-1,1,-0.5768557020472082,H27-14,957,9,indivi,L,M,4
0,1,-0.6567836575850946,H27-14,957,10,indivi,L,M,4
1,1,0.519436466217476,H27-14,957,8,indivi,L,M,4
-1,1,0.24468459307258034,H27-14,957,5,joint,R,M,1
0,1,-0.39837579057119665,H27-14,957,5,joint,R,M,1
1,1,0.0868395328913438,H27-14,957,4,joint,R,M,1
-1,1,1.0,H27-14,957,2,joint,L,M,2
0,1,0.9493244262726336,H27-14,957,3,joint,L,M,2
1,1,-0.6509261674189837,H27-14,957,3,joint,L,M,2
-1,1,0.21715299839592875,H27-14,957,5,joint,R,M,3
0,1,0.013592163717258894,H27-14,957,6,joint,R,M,3
1,1,0.4365027598282375,H27-14,957,5,joint,R,M,3
-1,1,0.9995205615678657,H27-14,957,4,joint,L,M,4
0,1,0.8764155944288904,H27-14,957,6,joint,L,M,4
1,1,-0.026740295208355316,H27-14,957,6,joint,L,M,4
-1,1,0.1406746710259712,H27-14,957,13,prac,L,M,1
0,1,0.541244344366507,H27-14,957,14,prac,L,M,1
1,1,0.24741560098707757,H27-14,957,13,prac,L,M,1
-1,1,-0.5530870520148318,H27-09,1083,4,indivi,R,F,1
0,1,-0.804369972912591,H27-09,1083,3,indivi,R,F,1
1,1,-1.0,H27-09,1083,2,indivi,R,F,1
-1,1,1.0,H27-09,1083,2,indivi,L,F,2
0,1,0.0,H27-09,1083,3,indivi,L,F,2
1,1,0.1790067037277098,H27-09,1083,5,indivi,L,F,2
-1,1,0.9663221562250305,H27-09,1083,4,indivi,L,F,3
0,1,0.0,H27-09,1083,2,indivi,L,F,3
1,1,-0.8312274911658976,H27-09,1083,4,indivi,L,F,3
-1,1,-0.11465274333099443,H27-09,1083,8,indivi,R,F,4
0,1,0.319567960325908,H27-09,1083,9,indivi,R,F,4
1,1,-0.4185384633594668,H27-09,1083,6,indivi,R,F,4
-1,1,0.2787301183563366,H27-09,1083,8,joint,L,F,1
0,1,0.07411928616049518,H27-09,1083,9,joint,L,F,1
1,1,0.19970075815675575,H27-09,1083,8,joint,L,F,1
-1,1,-0.9945175776927766,H27-09,1083,4,joint,R,F,2
0,1,0.9993961570203393,H27-09,1083,4,joint,R,F,2
1,1,-0.5576189073395619,H27-09,1083,4,joint,R,F,2
-1,1,0.4730619671263832,H27-09,1083,9,joint,R,F,3
0,1,0.8616613592109331,H27-09,1083,10,joint,R,F,3
1,1,0.6920943756723539,H27-09,1083,9,joint,R,F,3
-1,1,-0.4493721532757834,H27-09,1083,7,joint,L,F,4
0,1,0.3079064718542876,H27-09,1083,8,joint,L,F,4
1,1,-0.3370272459506355,H27-09,1083,9,joint,L,F,4
-1,1,0.7202434340212773,H27-09,1083,14,prac,L,F,1
0,1,0.5217890993992136,H27-09,1083,16,prac,L,F,1
1,1,0.454051410993488,H27-09,1083,14,prac,L,F,1
-1,1,-0.21734299289643214,H27-35,1094,12,indivi,L,F,1
0,1,0.35337196198693943,H27-35,1094,13,indivi,L,F,1
1,1,0.4139195568038514,H27-35,1094,12,indivi,L,F,1
-1,1,-0.14879228104513498,H27-35,1094,14,indivi,R,F,2
0,1,-0.13407268502387007,H27-35,1094,14,indivi,R,F,2
1,1,0.4845243602146044,H27-35,1094,13,indivi,R,F,2
-1,1,0.3217070681075455,H27-35,1094,12,indivi,L,F,3
0,1,-0.07897759378474001,H27-35,1094,13,indivi,L,F,3
1,1,-0.21796505790740422,H27-35,1094,12,indivi,L,F,3
-1,1,0.505568854728984,H27-35,1094,10,indivi,R,F,4
0,1,0.6606673526662753,H27-35,1094,11,indivi,R,F,4
1,1,0.304134864607428,H27-35,1094,9,indivi,R,F,4
-1,1,0.0755398929629079,H27-35,1094,15,joint,L,F,1
0,1,0.1091657845759547,H27-35,1094,16,joint,L,F,1
1,1,0.15843293788439766,H27-35,1094,15,joint,L,F,1
-1,1,0.28842221918931843,H27-35,1094,15,joint,R,F,2
0,1,-0.2316964323141745,H27-35,1094,16,joint,R,F,2
1,1,0.1382448203048892,H27-35,1094,16,joint,R,F,2
-1,1,-0.23329746792200132,H27-35,1094,12,joint,R,F,3
0,1,0.26879967072927086,H27-35,1094,13,joint,R,F,3
1,1,-0.08615560779464852,H27-35,1094,12,joint,R,F,3
-1,1,-0.2556585740247213,H27-35,1094,13,joint,L,F,4
0,1,0.2898103776546042,H27-35,1094,15,joint,L,F,4
1,1,0.19726272800999858,H27-35,1094,14,joint,L,F,4
-1,1,0.368466233509246,H27-35,1094,16,prac,L,F,1
0,1,0.12432178732341789,H27-35,1094,17,prac,L,F,1
1,1,0.07793829731958977,H27-35,1094,16,prac,L,F,1
-1,1,-0.24000262451359924,H27-41,916,8,indivi,L,M,1
0,1,-0.056588810702610404,H27-41,916,9,indivi,L,M,1
1,1,-0.26580849516636007,H27-41,916,9,indivi,L,M,1
-1,1,-0.35358801357839026,H27-41,916,10,indivi,R,M,2
0,1,0.09616039091480597,H27-41,916,12,indivi,R,M,2
1,1,0.716059885426171,H27-41,916,11,indivi,R,M,2
-1,1,0.03963100012777027,H27-41,916,12,indivi,R,M,3
0,1,-0.2866008743868924,H27-41,916,12,indivi,R,M,3
1,1,-0.010438224054031374,H27-41,916,13,indivi,R,M,3
-1,1,0.6848226937109962,H27-41,916,12,indivi,L,M,4
0,1,0.9576901291834712,H27-41,916,13,indivi,L,M,4
1,1,0.8842910856328405,H27-41,916,11,indivi,L,M,4
-1,1,0.5912355011343232,H27-41,916,4,joint,L,M,1
0,1,0.03423802600012156,H27-41,916,6,joint,L,M,1
1,1,0.9854743202124095,H27-41,916,5,joint,L,M,1
-1,1,-0.2808593726715916,H27-41,916,7,joint,R,M,2
0,1,-0.16988979780906927,H27-41,916,7,joint,R,M,2
1,1,-0.3598993985530369,H27-41,916,8,joint,R,M,2
-1,1,-0.6219279836268451,H27-41,916,8,joint,R,M,3
0,1,-0.3169536278044245,H27-41,916,8,joint,R,M,3
1,1,0.467371586482156,H27-41,916,8,joint,R,M,3
-1,1,0.6637899597875744,H27-41,916,9,joint,L,M,4
0,1,0.9782583593606244,H27-41,916,9,joint,L,M,4
1,1,-0.09574899517871423,H27-41,916,9,joint,L,M,4
-1,1,0.32396410131513126,H27-41,916,14,prac,L,M,1
0,1,-0.5076336756715336,H27-41,916,14,prac,L,M,1
1,1,-0.36570343547767464,H27-41,916,14,prac,L,M,1
-1,1,0.8041420713804164,H27-39,1110,3,indivi,L,M,1
0,1,0.7175973652530936,H27-39,1110,5,indivi,L,M,1
1,1,0.8957164493730109,H27-39,1110,4,indivi,L,M,1
-1,1,0.8118795120321319,H27-39,1110,6,indivi,R,M,2
0,1,-0.47266675747785036,H27-39,1110,7,indivi,R,M,2
1,1,0.9030546501442939,H27-39,1110,4,indivi,R,M,2
-1,1,-0.6174820888851148,H27-39,1110,3,indivi,L,M,3
0,1,-0.7258495157918027,H27-39,1110,3,indivi,L,M,3
1,1,-0.18996996963856466,H27-39,1110,5,indivi,L,M,3
-1,1,-0.4289787206403865,H27-39,1110,5,indivi,R,M,4
0,1,-0.4316966537377435,H27-39,1110,5,indivi,R,M,4
1,1,0.9731219233222141,H27-39,1110,6,indivi,R,M,4
-1,1,0.34778464720469626,H27-39,1110,7,joint,L,M,1
0,1,0.6293787958522701,H27-39,1110,6,joint,L,M,1
1,1,0.8186012939132907,H27-39,1110,7,joint,L,M,1
-1,1,0.19636442677662494,H27-39,1110,8,joint,R,M,2
0,1,-0.14718169904365672,H27-39,1110,10,joint,R,M,2
1,1,-0.5381430354672578,H27-39,1110,7,joint,R,M,2
-1,1,0.8678254905011648,H27-39,1110,3,joint,R,M,3
0,1,-0.42608740804829265,H27-39,1110,5,joint,R,M,3
1,1,0.967441505805325,H27-39,1110,4,joint,R,M,3
-1,1,0.06326622134551357,H27-39,1110,8,joint,L,M,4
0,1,0.5492653784951973,H27-39,1110,9,joint,L,M,4
1,1,-0.6285591999681303,H27-39,1110,9,joint,L,M,4
-1,1,0.6920641574279572,H27-39,1110,18,prac,L,M,1
0,1,0.20241468648768612,H27-39,1110,19,prac,L,M,1
1,1,0.15600112756305923,H27-39,1110,18,prac,L,M,1
-1,1,0.6226392470886764,H27-04,1360,19,indivi,R,F,1
0,1,0.5588435041069468,H27-04,1360,20,indivi,R,F,1
1,1,0.7583908194471892,H27-04,1360,19,indivi,R,F,1
-1,1,0.7056236058952198,H27-04,1360,16,indivi,L,F,2
0,1,0.8151292754607767,H27-04,1360,17,indivi,L,F,2
1,1,0.8291979821335564,H27-04,1360,17,indivi,L,F,2
-1,1,0.5043343477406712,H27-04,1360,13,indivi,R,F,3
0,1,0.7205325772366757,H27-04,1360,14,indivi,R,F,3
1,1,0.8060685309933061,H27-04,1360,13,indivi,R,F,3
-1,1,0.37263770286418685,H27-04,1360,16,indivi,L,F,4
0,1,0.3830118145698683,H27-04,1360,17,indivi,L,F,4
1,1,-0.1081934790604881,H27-04,1360,16,indivi,L,F,4
-1,1,-0.17289372472991135,H27-04,1360,17,joint,R,F,1
0,1,-0.22853791599692108,H27-04,1360,17,joint,R,F,1
1,1,-0.2556040920261907,H27-04,1360,16,joint,R,F,1
-1,1,0.36148975708348297,H27-04,1360,14,joint,L,F,2
0,1,-0.0898757082815982,H27-04,1360,15,joint,L,F,2
1,1,0.036809725284582165,H27-04,1360,15,joint,L,F,2
-1,1,0.07890407700114227,H27-04,1360,12,joint,L,F,3
0,1,0.8113772263585145,H27-04,1360,13,joint,L,F,3
1,1,0.02952084469010745,H27-04,1360,12,joint,L,F,3
-1,1,0.5399934997669975,H27-04,1360,18,joint,R,F,4
0,1,-0.038210480628087844,H27-04,1360,18,joint,R,F,4
1,1,-0.13564409191274548,H27-04,1360,18,joint,R,F,4
-1,1,0.6074375083684139,H27-04,1360,19,prac,L,F,1
0,1,0.003616808392679579,H27-04,1360,20,prac,L,F,1
1,1,0.21054526987659694,H27-04,1360,19,prac,L,F,1
-1,1,0.8976665061058745,H27-17,1360,15,indivi,L,M,1
0,1,0.7674922720114263,H27-17,1360,16,indivi,L,M,1
1,1,0.6908203092727261,H27-17,1360,14,indivi,L,M,1
-1,1,0.5992633856807986,H27-17,1360,18,indivi,R,M,2
0,1,0.6719646623123929,H27-17,1360,18,indivi,R,M,2
1,1,0.8129107733874816,H27-17,1360,17,indivi,R,M,2
-1,1,0.7089039830222974,H27-17,1360,16,indivi,L,M,3
0,1,0.6180929154120934,H27-17,1360,17,indivi,L,M,3
1,1,0.4037034081597593,H27-17,1360,16,indivi,L,M,3
-1,1,-0.023290010930718332,H27-17,1360,12,indivi,R,M,4
0,1,0.5410180320117046,H27-17,1360,12,indivi,R,M,4
1,1,0.6018838191800063,H27-17,1360,11,indivi,R,M,4
-1,1,-0.10397235867736078,H27-17,1360,11,joint,L,M,1
0,1,-0.0456326407918137,H27-17,1360,12,joint,L,M,1
1,1,-0.38570067983966716,H27-17,1360,11,joint,L,M,1
-1,1,-0.48179098702508677,H27-17,1360,6,joint,R,M,2
0,1,0.7243772622100151,H27-17,1360,6,joint,R,M,2
1,1,0.2201567739106752,H27-17,1360,6,joint,R,M,2
-1,1,0.8450072186632255,H27-17,1360,6,joint,L,M,3
0,1,0.7218943096696859,H27-17,1360,7,joint,L,M,3
1,1,0.24246656306225486,H27-17,1360,6,joint,L,M,3
-1,1,0.1710043613708144,H27-17,1360,9,joint,R,M,4
0,1,0.4835577632326997,H27-17,1360,9,joint,R,M,4
1,1,-0.3625193341939134,H27-17,1360,8,joint,R,M,4
-1,1,0.10520280469496131,H27-17,1360,18,prac,L,M,1
0,1,-0.09851659626941672,H27-17,1360,19,prac,L,M,1
1,1,-0.6046343984518096,H27-17,1360,18,prac,L,M,1
-1,1,-0.7558016437344108,H27-11,987,4,indivi,R,M,1
0,1,1.0,H27-11,987,2,indivi,R,M,1
1,1,-1.0,H27-11,987,2,indivi,R,M,1
-1,1,0.33776388307456645,H27-11,987,10,indivi,L,M,2
0,1,0.022665563843520215,H27-11,987,11,indivi,L,M,2
1,1,0.38496682398985416,H27-11,987,10,indivi,L,M,2
-1,1,0.1576506378161752,H27-11,987,15,indivi,L,M,3
0,1,-0.08256679676555337,H27-11,987,16,indivi,L,M,3
1,1,0.2717027752533504,H27-11,987,14,indivi,L,M,3
-1,1,-0.05549793116658493,H27-11,987,18,indivi,R,M,4
0,1,-0.38903120579383793,H27-11,987,18,indivi,R,M,4
1,1,-0.35835958007749785,H27-11,987,17,indivi,R,M,4
-1,1,0.753833539140881,H27-11,987,4,joint,L,M,1
0,1,0.7865780564454615,H27-11,987,5,joint,L,M,1
1,1,0.9392154861977591,H27-11,987,5,joint,L,M,1
-1,1,0.07960296463222055,H27-11,987,11,joint,R,M,2
0,1,0.34751396965750325,H27-11,987,11,joint,R,M,2
1,1,0.8033943387677316,H27-11,987,13,joint,R,M,2
-1,1,-0.35725392204141393,H27-11,987,6,joint,R,M,3
0,1,0.2504225023603118,H27-11,987,4,joint,R,M,3
1,1,0.5983860343862043,H27-11,987,4,joint,R,M,3
-1,1,-0.22523487210247317,H27-11,987,5,joint,L,M,4
0,1,-0.5766649867294971,H27-11,987,4,joint,L,M,4
1,1,0.3315118260734016,H27-11,987,5,joint,L,M,4
-1,1,0.4822089785639512,H27-11,987,12,prac,L,M,1
0,1,0.8926055829597004,H27-11,987,13,prac,L,M,1
1,1,0.3984783476146003,H27-11,987,12,prac,L,M,1
-1,1,0.3434707831822288,H27-18,1374,14,indivi,R,F,1
0,1,0.22537376561888636,H27-18,1374,15,indivi,R,F,1
1,1,-0.5713027570683213,H27-18,1374,13,indivi,R,F,1
-1,1,0.8292230550267216,H27-18,1374,16,indivi,L,F,2
0,1,0.8175670663370279,H27-18,1374,17,indivi,L,F,2
1,1,0.7977751062494158,H27-18,1374,15,indivi,L,F,2
-1,1,0.3001882556125727,H27-18,1374,12,indivi,R,F,3
0,1,0.9486413212974062,H27-18,1374,11,indivi,R,F,3
1,1,0.8632072268489344,H27-18,1374,11,indivi,R,F,3
-1,1,0.11957657505127332,H27-18,1374,17,indivi,L,F,4
0,1,0.7372144512065453,H27-18,1374,18,indivi,L,F,4
1,1,0.500005159215493,H27-18,1374,17,indivi,L,F,4
-1,1,0.31046793773597325,H27-18,1374,20,joint,L,F,1
0,1,-0.030634138606006243,H27-18,1374,21,joint,L,F,1
1,1,-0.14005409654654447,H27-18,1374,20,joint,L,F,1
-1,1,-0.11413453729124098,H27-18,1374,15,joint,R,F,2
0,1,-0.3007818012131596,H27-18,1374,16,joint,R,F,2
1,1,-0.8593930135432607,H27-18,1374,15,joint,R,F,2
-1,1,-0.15449708509599083,H27-18,1374,18,joint,R,F,3
0,1,-0.03128160975574255,H27-18,1374,19,joint,R,F,3
1,1,-0.25977076886575967,H27-18,1374,18,joint,R,F,3
-1,1,0.1528585241411308,H27-18,1374,17,joint,L,F,4
0,1,-0.14024094815457325,H27-18,1374,18,joint,L,F,4
1,1,0.028633663466955464,H27-18,1374,17,joint,L,F,4
-1,1,-0.21803533992278043,H27-18,1374,18,prac,L,F,1
0,1,0.3304593277528188,H27-18,1374,19,prac,L,F,1
1,1,-0.13714055323549612,H27-18,1374,18,prac,L,F,1
-1,1,0.6324997309768896,H27-24,1080,18,indivi,R,F,1
0,1,0.7166433482121745,H27-24,1080,19,indivi,R,F,1
1,1,0.6708290928944448,H27-24,1080,18,indivi,R,F,1
-1,1,0.47260403798288203,H27-24,1080,14,indivi,L,F,2
0,1,0.5266574408314374,H27-24,1080,15,indivi,L,F,2
1,1,0.438274545376031,H27-24,1080,15,indivi,L,F,2
-1,1,0.6075670844434097,H27-24,1080,12,indivi,R,F,3
0,1,0.8212796729824337,H27-24,1080,14,indivi,R,F,3
1,1,0.7744623225661458,H27-24,1080,13,indivi,R,F,3
-1,1,-0.3492861793154878,H27-24,1080,12,indivi,L,F,4
0,1,-0.23267794759491686,H27-24,1080,12,indivi,L,F,4
1,1,-0.030681228849566082,H27-24,1080,12,indivi,L,F,4
-1,1,-0.15538661064910012,H27-24,1080,16,joint,L,F,1
0,1,-0.010869615067694917,H27-24,1080,17,joint,L,F,1
1,1,-0.24208483373547995,H27-24,1080,16,joint,L,F,1
-1,1,-0.26407244563798216,H27-24,1080,20,joint,R,F,2
0,1,-0.1603373530384798,H27-24,1080,21,joint,R,F,2
1,1,-0.08072675049724608,H27-24,1080,20,joint,R,F,2
-1,1,-0.03128942746924383,H27-24,1080,19,joint,R,F,3
0,1,0.351906905201556,H27-24,1080,20,joint,R,F,3
1,1,0.3508550740408768,H27-24,1080,19,joint,R,F,3
-1,1,-0.3518724930436723,H27-24,1080,17,joint,L,F,4
0,1,0.02353785651920179,H27-24,1080,18,joint,L,F,4
1,1,-0.43723206136237447,H27-24,1080,17,joint,L,F,4
-1,1,-0.23035491286630497,H27-24,1080,18,prac,L,F,1
0,1,-0.13253512238348555,H27-24,1080,19,prac,L,F,1
1,1,-0.06343219401541297,H27-24,1080,18,prac,L,F,1
-1,1,0.17579652182613778,H27-27,1320,18,indivi,R,F,1
0,1,0.6103123199089343,H27-27,1320,18,indivi,R,F,1
1,1,0.7024026746258202,H27-27,1320,18,indivi,R,F,1
-1,1,0.6889373239185478,H27-27,1320,12,indivi,L,F,2
0,1,0.7957752729447375,H27-27,1320,12,indivi,L,F,2
1,1,0.12191992928939505,H27-27,1320,12,indivi,L,F,2
-1,1,0.9447053374324488,H27-27,1320,11,indivi,L,F,3
0,1,0.9813813817565065,H27-27,1320,10,indivi,L,F,3
1,1,0.1494010425930674,H27-27,1320,11,indivi,L,F,3
-1,1,-0.32553587667691447,H27-27,1320,5,indivi,R,F,4
0,1,-0.24675698458085144,H27-27,1320,6,indivi,R,F,4
1,1,0.22209287697180494,H27-27,1320,6,indivi,R,F,4
-1,1,0.7216827012506745,H27-27,1320,19,joint,L,F,1
0,1,0.39076487884633027,H27-27,1320,20,joint,L,F,1
1,1,-0.11427091027434322,H27-27,1320,19,joint,L,F,1
-1,1,-0.1526781622163827,H27-27,1320,14,joint,R,F,2
0,1,-0.14922258208622177,H27-27,1320,15,joint,R,F,2
1,1,-0.06876760266836278,H27-27,1320,13,joint,R,F,2
-1,1,0.015669313134517415,H27-27,1320,19,joint,L,F,3
0,1,0.09072204527143297,H27-27,1320,20,joint,L,F,3
1,1,0.00400516980737022,H27-27,1320,19,joint,L,F,3
-1,1,0.2385729694153581,H27-27,1320,13,joint,R,F,4
0,1,-0.011414710096573237,H27-27,1320,12,joint,R,F,4
1,1,0.4800610992231735,H27-27,1320,11,joint,R,F,4
-1,1,0.04287518151161738,H27-27,1320,19,prac,L,F,1
0,1,-0.15881828762874672,H27-27,1320,20,prac,L,F,1
1,1,-0.09638105012819599,H27-27,1320,19,prac,L,F,1
-1,1,0.08793593048871434,H27-10,1356,11,indivi,L,F,1
0,1,-0.3728301032589367,H27-10,1356,12,indivi,L,F,1
1,1,0.3713964389291404,H27-10,1356,11,indivi,L,F,1
-1,1,0.6552877175735284,H27-10,1356,18,indivi,R,F,2
0,1,0.798553080366026,H27-10,1356,19,indivi,R,F,2
1,1,0.7700813232081979,H27-10,1356,19,indivi,R,F,2
-1,1,0.17449384665022336,H27-10,1356,12,indivi,L,F,3
0,1,-0.09127307575292735,H27-10,1356,11,indivi,L,F,3
1,1,0.12660865380478972,H27-10,1356,10,indivi,L,F,3
-1,1,0.3545687362164027,H27-10,1356,14,indivi,R,F,4
0,1,0.7532541745346165,H27-10,1356,13,indivi,R,F,4
1,1,0.24208845186204855,H27-10,1356,13,indivi,R,F,4
-1,1,0.1178712666615813,H27-10,1356,14,joint,L,F,1
0,1,0.22947258756306493,H27-10,1356,15,joint,L,F,1
1,1,0.06341115203101098,H27-10,1356,14,joint,L,F,1
-1,1,0.10685587930154695,H27-10,1356,12,joint,R,F,2
0,1,-0.41198193422535473,H27-10,1356,13,joint,R,F,2
1,1,-0.22696943886322102,H27-10,1356,12,joint,R,F,2
-1,1,0.11111556487023011,H27-10,1356,13,joint,L,F,3
0,1,0.2583705874200984,H27-10,1356,14,joint,L,F,3
1,1,-0.1346606154122482,H27-10,1356,13,joint,L,F,3
-1,1,0.12332252238064703,H27-10,1356,15,joint,R,F,4
0,1,-0.45721071001146985,H27-10,1356,15,joint,R,F,4
1,1,0.28746134608581764,H27-10,1356,14,joint,R,F,4
-1,1,0.43633361244930313,H27-10,1356,19,prac,L,F,1
0,1,0.4527653114718805,H27-10,1356,20,prac,L,F,1
1,1,0.700424718606418,H27-10,1356,19,prac,L,F,1
-1,1,0.5068439202881401,H27-28,1310,18,indivi,R,F,1
0,1,0.836081780855045,H27-28,1310,18,indivi,R,F,1
1,1,0.7398457882409638,H27-28,1310,17,indivi,R,F,1
-1,1,0.31521293161718117,H27-28,1310,19,indivi,L,F,2
0,1,0.5430449551466185,H27-28,1310,20,indivi,L,F,2
1,1,0.3194607412739983,H27-28,1310,19,indivi,L,F,2
-1,1,0.23190439774096153,H27-28,1310,19,indivi,R,F,3
0,1,0.20286156778555972,H27-28,1310,20,indivi,R,F,3
1,1,-0.48700547109461284,H27-28,1310,19,indivi,R,F,3
-1,1,0.6602407859590319,H27-28,1310,20,indivi,L,F,4
0,1,0.3317401026286145,H27-28,1310,21,indivi,L,F,4
1,1,0.21927942289106395,H27-28,1310,20,indivi,L,F,4
-1,1,0.13132335417959232,H27-28,1310,20,joint,R,F,1
0,1,-0.5031740611255695,H27-28,1310,21,joint,R,F,1
1,1,-0.17790617316153848,H27-28,1310,20,joint,R,F,1
-1,1,0.5581975827398732,H27-28,1310,18,joint,L,F,2
0,1,0.17169404376126204,H27-28,1310,19,joint,L,F,2
1,1,0.5331748922699237,H27-28,1310,18,joint,L,F,2
-1,1,-0.12166592558263051,H27-28,1310,18,joint,L,F,3
0,1,0.06156050973957807,H27-28,1310,19,joint,L,F,3
1,1,0.3191239953236069,H27-28,1310,18,joint,L,F,3
-1,1,0.2493400637896808,H27-28,1310,13,joint,R,F,4
0,1,0.06825116740792778,H27-28,1310,13,joint,R,F,4
1,1,-0.5665835824682797,H27-28,1310,12,joint,R,F,4
-1,1,0.210220597684717,H27-28,1310,20,prac,L,F,1
0,1,0.331275717995344,H27-28,1310,21,prac,L,F,1
1,1,-0.04346024567953868,H27-28,1310,20,prac,L,F,1
-1,1,-0.5353877208272412,H27-03,930,4,indivi,R,F,1
0,1,-0.5343380658924899,H27-03,930,5,indivi,R,F,1
1,1,-0.0436561541868649,H27-03,930,4,indivi,R,F,1
-1,1,-0.25941256867878,H27-03,930,9,indivi,L,F,2
0,1,0.5180998025094061,H27-03,930,9,indivi,L,F,2
1,1,0.2202497296595558,H27-03,930,9,indivi,L,F,2
-1,1,0.29626425328507083,H27-03,930,8,indivi,L,F,3
0,1,0.5294395237058975,H27-03,930,8,indivi,L,F,3
1,1,-0.008123023919189037,H27-03,930,8,indivi,L,F,3
-1,1,0.4167389112055029,H27-03,930,9,indivi,R,F,4
0,1,0.7759140636259056,H27-03,930,8,indivi,R,F,4
1,1,-0.24291446362211322,H27-03,930,8,indivi,R,F,4
-1,1,-0.1265509745167607,H27-03,930,7,joint,L,F,1
0,1,0.25412795438139346,H27-03,930,8,joint,L,F,1
1,1,0.7834147419971356,H27-03,930,9,joint,L,F,1
-1,1,0.32074203273005963,H27-03,930,10,joint,R,F,2
0,1,0.22980647447602856,H27-03,930,11,joint,R,F,2
1,1,-0.29825090883272004,H27-03,930,9,joint,R,F,2
-1,1,-0.10264233139566208,H27-03,930,10,joint,R,F,3
0,1,-0.46515580302140386,H27-03,930,10,joint,R,F,3
1,1,-0.09339237325527934,H27-03,930,10,joint,R,F,3
-1,1,0.07857153683254932,H27-03,930,8,joint,L,F,4
0,1,-0.6535019647727534,H27-03,930,10,joint,L,F,4
1,1,0.06453112043949982,H27-03,930,11,joint,L,F,4
-1,1,-0.1790067010207345,H27-03,930,15,prac,L,F,1
0,1,0.11362659264047408,H27-03,930,16,prac,L,F,1
1,1,0.04191888314618247,H27-03,930,15,prac,L,F,1
-1,1,0.10443771424931769,H27-01,1357,17,indivi,R,M,1
0,1,0.00868095740020196,H27-01,1357,18,indivi,R,M,1
1,1,-0.03819939201470415,H27-01,1357,16,indivi,R,M,1
-1,1,-0.6603787445710809,H27-01,1357,13,indivi,L,M,2
0,1,-0.08788109498979235,H27-01,1357,14,indivi,L,M,2
1,1,-0.11962772068882736,H27-01,1357,13,indivi,L,M,2
-1,1,-0.1507979825295495,H27-01,1357,11,indivi,R,M,3
0,1,-0.14569698508554693,H27-01,1357,12,indivi,R,M,3
1,1,-0.3112043340569289,H27-01,1357,10,indivi,R,M,3
-1,1,-0.19622589635919774,H27-01,1357,10,indivi,L,M,4
0,1,-0.23750793774225795,H27-01,1357,10,indivi,L,M,4
1,1,0.16904195422084534,H27-01,1357,11,indivi,L,M,4
-1,1,0.20943229598990662,H27-01,1357,14,joint,L,M,1
0,1,0.02775785718994015,H27-01,1357,15,joint,L,M,1
1,1,-0.03307580483816215,H27-01,1357,14,joint,L,M,1
-1,1,-0.46766541936966105,H27-01,1357,4,joint,R,M,2
0,1,0.8615914812744835,H27-01,1357,4,joint,R,M,2
1,1,0.3471515431248255,H27-01,1357,4,joint,R,M,2
-1,1,0.013523945673549675,H27-01,1357,17,joint,R,M,3
0,1,-0.16667106455062294,H27-01,1357,17,joint,R,M,3
1,1,-0.06784925573035816,H27-01,1357,16,joint,R,M,3
-1,1,0.41170863284473425,H27-01,1357,18,joint,L,M,4
0,1,-0.707721867763776,H27-01,1357,19,joint,L,M,4
1,1,-0.16102919489087972,H27-01,1357,18,joint,L,M,4
-1,1,0.16760671279634692,H27-01,1357,14,prac,L,M,1
0,1,0.03501910113701752,H27-01,1357,15,prac,L,M,1
1,1,0.44411285034649867,H27-01,1357,14,prac,L,M,1
-1,1,0.9688450986370226,H27-06,966,14,indivi,L,F,1
0,1,0.5141217959865271,H27-06,966,15,indivi,L,F,1
1,1,0.6180950041673356,H27-06,966,15,indivi,L,F,1
-1,1,-0.0653721134663146,H27-06,966,16,indivi,R,F,2
0,1,-0.33148013420877354,H27-06,966,18,indivi,R,F,2
1,1,0.2752325806116984,H27-06,966,16,indivi,R,F,2
-1,1,0.0053792796490449175,H27-06,966,18,indivi,R,F,3
0,1,0.6502343706117852,H27-06,966,19,indivi,R,F,3
1,1,0.736896504971566,H27-06,966,18,indivi,R,F,3
-1,1,0.2408087850540775,H27-06,966,13,indivi,L,F,4
0,1,-0.19426886432372806,H27-06,966,14,indivi,L,F,4
1,1,-0.5623070121155742,H27-06,966,13,indivi,L,F,4
-1,1,-0.09831531332289316,H27-06,966,18,joint,L,F,1
0,1,0.28417370335522874,H27-06,966,19,joint,L,F,1
1,1,0.15845388150653492,H27-06,966,18,joint,L,F,1
-1,1,-0.2994406662939303,H27-06,966,14,joint,R,F,2
0,1,-0.35212974595585533,H27-06,966,15,joint,R,F,2
1,1,0.35178612066672504,H27-06,966,14,joint,R,F,2
-1,1,-0.2664688863014451,H27-06,966,7,joint,R,F,3
0,1,0.17361790422943213,H27-06,966,7,joint,R,F,3
1,1,0.5011816747983501,H27-06,966,7,joint,R,F,3
-1,1,0.4962004579418114,H27-06,966,18,joint,L,F,4
0,1,-0.37970413253035323,H27-06,966,19,joint,L,F,4
1,1,0.17436379602112115,H27-06,966,19,joint,L,F,4
-1,1,-0.3624394165038516,H27-06,966,20,prac,L,F,1
0,1,-0.32479065528301165,H27-06,966,21,prac,L,F,1
1,1,0.023009879045184183,H27-06,966,20,prac,L,F,1
-1,1,0.06937319616560464,H27-33,1103,11,indivi,R,M,1
0,1,-0.6106354386232676,H27-33,1103,12,indivi,R,M,1
1,1,0.6828610305702051,H27-33,1103,13,indivi,R,M,1
-1,1,0.44939545887175625,H27-33,1103,11,indivi,L,M,2
0,1,0.6130822170237152,H27-33,1103,13,indivi,L,M,2
1,1,0.7253190561666273,H27-33,1103,9,indivi,L,M,2
-1,1,-0.0861584525725779,H27-33,1103,8,indivi,R,M,3
0,1,0.45359860226929777,H27-33,1103,9,indivi,R,M,3
1,1,-0.28217950165287603,H27-33,1103,8,indivi,R,M,3
-1,1,-0.6202111062100862,H27-33,1103,4,indivi,L,M,4
0,1,0.18869763965054012,H27-33,1103,5,indivi,L,M,4
1,1,-0.23356069731572346,H27-33,1103,6,indivi,L,M,4
-1,1,-0.40591618463585377,H27-33,1103,7,joint,R,M,1
0,1,-0.23761498928813093,H27-33,1103,10,joint,R,M,1
1,1,0.4968548024961692,H27-33,1103,9,joint,R,M,1
-1,1,-0.07684323182674348,H27-33,1103,7,joint,L,M,2
0,1,0.5479572497285481,H27-33,1103,8,joint,L,M,2
1,1,0.18695437835448517,H27-33,1103,10,joint,L,M,2
-1,1,0.6064751548407054,H27-33,1103,7,joint,R,M,3
0,1,-0.8241879595169929,H27-33,1103,6,joint,R,M,3
1,1,-0.40560866277121543,H27-33,1103,7,joint,R,M,3
-1,1,0.04404906970732774,H27-33,1103,8,joint,L,M,4
0,1,0.10278833289496718,H27-33,1103,8,joint,L,M,4
1,1,-0.15174481736491008,H27-33,1103,10,joint,L,M,4
-1,1,-0.4405367043226582,H27-33,1103,9,prac,L,M,1
0,1,-0.34248225390814185,H27-33,1103,10,prac,L,M,1
1,1,-0.08614786398292582,H27-33,1103,9,prac,L,M,1
-1,1,0.487352014579051,H27-40,910,10,indivi,R,F,1
0,1,-0.2538625814204119,H27-40,910,10,indivi,R,F,1
1,1,-0.6496460351976184,H27-40,910,9,indivi,R,F,1
-1,1,0.005889903155418364,H27-40,910,4,indivi,L,F,2
0,1,0.6474811733387423,H27-40,910,5,indivi,L,F,2
1,1,-0.3994439331624087,H27-40,910,5,indivi,L,F,2
-1,1,-0.08425249669582792,H27-40,910,7,indivi,L,F,3
0,1,-0.6945968743767771,H27-40,910,7,indivi,L,F,3
1,1,0.1835935398794998,H27-40,910,5,indivi,L,F,3
-1,1,-0.1790147651651354,H27-40,910,12,indivi,R,F,4
0,1,-0.2121389475826137,H27-40,910,13,indivi,R,F,4
1,1,-0.15675490429736633,H27-40,910,13,indivi,R,F,4
-1,1,-0.24680820340851264,H27-40,910,5,joint,R,F,1
0,1,0.40466332321548504,H27-40,910,5,joint,R,F,1
1,1,-0.4875473358390823,H27-40,910,6,joint,R,F,1
-1,1,0.4603808879049076,H27-40,910,9,joint,L,F,2
0,1,0.07946821313438529,H27-40,910,9,joint,L,F,2
1,1,0.15319388309567897,H27-40,910,11,joint,L,F,2
-1,1,0.06059261220990727,H27-40,910,10,joint,R,F,3
0,1,-0.770728779741885,H27-40,910,9,joint,R,F,3
1,1,0.008641099984150606,H27-40,910,9,joint,R,F,3
-1,1,0.4792156266659124,H27-40,910,4,joint,L,F,4
0,1,-0.15460678845494355,H27-40,910,5,joint,L,F,4
1,1,0.07900606935140563,H27-40,910,5,joint,L,F,4
-1,1,0.4200569771854275,H27-40,910,14,prac,L,F,1
0,1,0.2880695718360729,H27-40,910,15,prac,L,F,1
1,1,0.12035058184364257,H27-40,910,14,prac,L,F,1
-1,1,-0.3069605297461421,H27-02,916,5,indivi,R,M,1
0,1,0.7810616017355424,H27-02,916,6,indivi,R,M,1
1,1,0.1867545939571066,H27-02,916,6,indivi,R,M,1
-1,1,-0.07646948574200547,H27-02,916,12,indivi,L,M,2
0,1,0.22222222222222224,H27-02,916,11,indivi,L,M,2
1,1,0.15210603796901812,H27-02,916,10,indivi,L,M,2
-1,1,-0.14779763580535485,H27-02,916,12,indivi,R,M,3
0,1,-0.014635236546125694,H27-02,916,11,indivi,R,M,3
1,1,-0.1782072879879007,H27-02,916,11,indivi,R,M,3
-1,1,-0.13485196543155262,H27-02,916,16,indivi,L,M,4
0,1,-0.1786999105657132,H27-02,916,17,indivi,L,M,4
1,1,0.4713541875065614,H27-02,916,16,indivi,L,M,4
-1,1,-0.397724504283399,H27-02,916,5,joint,R,M,1
0,1,-0.3387194682727415,H27-02,916,5,joint,R,M,1
1,1,-0.2737216604520213,H27-02,916,5,joint,R,M,1
-1,1,0.0,H27-02,916,4,joint,L,M,2
0,1,-0.0471614173690341,H27-02,916,5,joint,L,M,2
1,1,-0.17596392457629928,H27-02,916,5,joint,L,M,2
-1,1,-0.29465985359523694,H27-02,916,8,joint,R,M,3
0,1,-0.04429043097258136,H27-02,916,9,joint,R,M,3
1,1,0.04160251471689218,H27-02,916,9,joint,R,M,3
-1,1,-0.20854393426444454,H27-02,916,9,joint,L,M,4
0,1,-0.18441492156343184,H27-02,916,11,joint,L,M,4
1,1,0.08829971040092857,H27-02,916,10,joint,L,M,4
-1,1,0.36632509564393795,H27-02,916,13,prac,L,M,1
0,1,-0.0020594339482682606,H27-02,916,14,prac,L,M,1
1,1,0.17734664387239338,H27-02,916,14,prac,L,M,1
-1,1,0.27692002409963007,H27-43,1314,18,indivi,L,M,1
0,1,0.48464195579394614,H27-43,1314,19,indivi,L,M,1
1,1,0.6916196564231546,H27-43,1314,18,indivi,L,M,1
-1,1,0.25658175869820044,H27-43,1314,13,indivi,R,M,2
0,1,0.46776481321132357,H27-43,1314,13,indivi,R,M,2
1,1,0.011141941234549925,H27-43,1314,12,indivi,R,M,2
-1,1,-0.07581652500618223,H27-43,1314,14,indivi,R,M,3
0,1,0.3530394073724048,H27-43,1314,14,indivi,R,M,3
1,1,-0.05040707118247225,H27-43,1314,13,indivi,R,M,3
-1,1,-0.05505042274666649,H27-43,1314,6,indivi,L,M,4
0,1,0.07141593952332184,H27-43,1314,7,indivi,L,M,4
1,1,0.5695546218051161,H27-43,1314,5,indivi,L,M,4
-1,1,0.04235382560250167,H27-43,1314,11,joint,L,M,1
0,1,-0.07540524364584453,H27-43,1314,14,joint,L,M,1
1,1,-0.24392514003449028,H27-43,1314,13,joint,L,M,1
-1,1,-0.218046790430585,H27-43,1314,17,joint,R,M,2
0,1,-0.2068292706246604,H27-43,1314,18,joint,R,M,2
1,1,-0.05083220875672648,H27-43,1314,17,joint,R,M,2
-1,1,0.33683755489972733,H27-43,1314,14,joint,L,M,3
0,1,0.2508941680024726,H27-43,1314,15,joint,L,M,3
1,1,-0.2601145000534155,H27-43,1314,14,joint,L,M,3
-1,1,0.2710894298779642,H27-43,1314,13,joint,R,M,4
0,1,0.1942017016491906,H27-43,1314,13,joint,R,M,4
1,1,0.4475558481068572,H27-43,1314,12,joint,R,M,4
-1,1,0.7880792879918729,H27-43,1314,19,prac,L,M,1
0,1,0.3524404453146627,H27-43,1314,20,prac,L,M,1
1,1,0.2502414293155819,H27-43,1314,19,prac,L,M,1
-1,1,0.1850509918978347,H27-12,1123,17,indivi,R,M,1
0,1,-0.2306389915200994,H27-12,1123,18,indivi,R,M,1
1,1,0.18466503416970606,H27-12,1123,17,indivi,R,M,1
-1,1,-0.12031293895219954,H27-12,1123,15,indivi,L,M,2
0,1,0.001673421393922366,H27-12,1123,15,indivi,L,M,2
1,1,-0.13476627171003977,H27-12,1123,16,indivi,L,M,2
-1,1,-0.14475957666678385,H27-12,1123,17,indivi,R,M,3
0,1,-0.21075670450263864,H27-12,1123,18,indivi,R,M,3
1,1,0.18839712273812587,H27-12,1123,18,indivi,R,M,3
-1,1,0.10451593414141827,H27-12,1123,17,indivi,L,M,4
0,1,-0.19310643442323658,H27-12,1123,18,indivi,L,M,4
1,1,0.10626340264337218,H27-12,1123,17,indivi,L,M,4
-1,1,0.3243296712037478,H27-12,1123,11,joint,L,M,1
0,1,0.4809773559038534,H27-12,1123,12,joint,L,M,1
1,1,0.05163968670525684,H27-12,1123,11,joint,L,M,1
-1,1,-0.02988008046960894,H27-12,1123,15,joint,R,M,2
0,1,-0.23765128727966767,H27-12,1123,16,joint,R,M,2
1,1,-0.6345799732608717,H27-12,1123,16,joint,R,M,2
-1,1,0.3677821051906564,H27-12,1123,13,joint,R,M,3
0,1,0.26398682738596196,H27-12,1123,15,joint,R,M,3
1,1,0.0175607323706378,H27-12,1123,14,joint,R,M,3
-1,1,0.157820219167976,H27-12,1123,13,joint,L,M,4
0,1,0.33116726721848744,H27-12,1123,13,joint,L,M,4
1,1,0.7289608466830859,H27-12,1123,13,joint,L,M,4
-1,1,-0.36678966134399316,H27-12,1123,11,prac,L,M,1
0,1,0.008655648402264852,H27-12,1123,12,prac,L,M,1
1,1,0.2801411125302836,H27-12,1123,12,prac,L,M,1
-1,1,-0.3926013228579861,H27-22,1101,13,indivi,L,F,1
0,1,-0.10540210262356964,H27-22,1101,14,indivi,L,F,1
1,1,0.03891782823959282,H27-22,1101,13,indivi,L,F,1
-1,1,-0.3299970262000125,H27-22,1101,14,indivi,R,F,2
0,1,-0.14062378466882205,H27-22,1101,15,indivi,R,F,2
1,1,-0.06135213398664966,H27-22,1101,14,indivi,R,F,2
-1,1,0.8957717337108996,H27-22,1101,9,indivi,L,F,3
0,1,0.4258755381474642,H27-22,1101,8,indivi,L,F,3
1,1,-0.6413336649143127,H27-22,1101,8,indivi,L,F,3
-1,1,0.5966496446838289,H27-22,1101,15,indivi,R,F,4
0,1,0.78953110376449,H27-22,1101,16,indivi,R,F,4
1,1,0.8840161072300203,H27-22,1101,16,indivi,R,F,4
-1,1,-0.16044798461643764,H27-22,1101,13,joint,R,F,1
0,1,-0.19467966003047474,H27-22,1101,13,joint,R,F,1
1,1,-0.2684313885280195,H27-22,1101,12,joint,R,F,1
-1,1,0.004294087154167803,H27-22,1101,16,joint,L,F,2
0,1,0.26593381628451884,H27-22,1101,17,joint,L,F,2
1,1,-0.03572504395222253,H27-22,1101,16,joint,L,F,2
-1,1,0.4830731954274295,H27-22,1101,6,joint,R,F,3
0,1,0.5602409785024229,H27-22,1101,6,joint,R,F,3
1,1,0.1471401328915126,H27-22,1101,5,joint,R,F,3
-1,1,0.30438403529969615,H27-22,1101,10,joint,L,F,4
0,1,0.4500330950280408,H27-22,1101,11,joint,L,F,4
1,1,-0.4577990131160711,H27-22,1101,10,joint,L,F,4
-1,1,0.6596575582830475,H27-22,1101,18,prac,L,F,1
0,1,0.24539641370605064,H27-22,1101,19,prac,L,F,1
1,1,0.0960039111361646,H27-22,1101,18,prac,L,F,1
-1,1,0.13940947228849204,H27-38,1286,18,indivi,L,M,1
0,1,0.7251785001610803,H27-38,1286,19,indivi,L,M,1
1,1,0.11363100088070899,H27-38,1286,18,indivi,L,M,1
-1,1,-0.3676387772398482,H27-38,1286,12,indivi,R,M,2
0,1,-0.038384319675427145,H27-38,1286,10,indivi,R,M,2
1,1,0.8539492283470529,H27-38,1286,11,indivi,R,M,2
-1,1,0.7879059889399282,H27-38,1286,12,indivi,L,M,3
0,1,0.5923151431478825,H27-38,1286,15,indivi,L,M,3
1,1,0.0415659593590496,H27-38,1286,14,indivi,L,M,3
-1,1,0.20380104940036206,H27-38,1286,11,indivi,R,M,4
0,1,-0.06805508926155664,H27-38,1286,13,indivi,R,M,4
1,1,-0.010951071820939936,H27-38,1286,12,indivi,R,M,4
-1,1,-0.02000139231670181,H27-38,1286,3,joint,L,M,1
0,1,0.7464645354600269,H27-38,1286,5,joint,L,M,1
1,1,-0.05344795748892781,H27-38,1286,5,joint,L,M,1
-1,1,0.05080166157220563,H27-38,1286,5,joint,R,M,2
0,1,0.8110286269416773,H27-38,1286,5,joint,R,M,2
1,1,-0.11107222279499729,H27-38,1286,5,joint,R,M,2
-1,1,-0.29612749148749895,H27-38,1286,11,joint,R,M,3
0,1,0.05712985860377612,H27-38,1286,11,joint,R,M,3
1,1,0.5544868422895978,H27-38,1286,10,joint,R,M,3
-1,1,-0.9163182407125895,H27-38,1286,3,joint,L,M,4
0,1,-0.1297149867495624,H27-38,1286,4,joint,L,M,4
1,1,0.4939634518584006,H27-38,1286,3,joint,L,M,4
-1,1,-0.7955189045436176,H27-38,1286,12,prac,L,M,1
0,1,-0.1453199341178921,H27-38,1286,13,prac,L,M,1
1,1,0.061871957946087894,H27-38,1286,13,prac,L,M,1
-1,1,0.8753950689815917,H27-23,1390,19,indivi,R,F,1
0,1,0.7829114018515397,H27-23,1390,20,indivi,R,F,1
1,1,0.8802982748809315,H27-23,1390,19,indivi,R,F,1
-1,1,0.07228055722994807,H27-23,1390,19,indivi,L,F,2
0,1,0.4620975731324514,H27-23,1390,20,indivi,L,F,2
1,1,0.5578355684880505,H27-23,1390,19,indivi,L,F,2
-1,1,-0.5428904255681256,H27-23,1390,19,indivi,L,F,3
0,1,0.04951468589699911,H27-23,1390,20,indivi,L,F,3
1,1,0.13072957926315187,H27-23,1390,19,indivi,L,F,3
-1,1,0.31250110252496727,H27-23,1390,18,indivi,R,F,4
0,1,-0.5786145523216781,H27-23,1390,19,indivi,R,F,4
1,1,0.21359099885652008,H27-23,1390,18,indivi,R,F,4
-1,1,-0.27495925781719166,H27-23,1390,16,joint,L,F,1
0,1,-0.4044155609565312,H27-23,1390,17,joint,L,F,1
1,1,-0.12821439264541415,H27-23,1390,16,joint,L,F,1
-1,1,0.0881014429203883,H27-23,1390,18,joint,R,F,2
0,1,-0.12543234946996137,H27-23,1390,19,joint,R,F,2
1,1,0.3169183484223167,H27-23,1390,18,joint,R,F,2
-1,1,-0.15149626390077559,H27-23,1390,17,joint,R,F,3
0,1,-0.47246253158624096,H27-23,1390,18,joint,R,F,3
1,1,0.21083656118666957,H27-23,1390,17,joint,R,F,3
-1,1,-0.3646225008223211,H27-23,1390,20,joint,L,F,4
0,1,-0.28528506513846114,H27-23,1390,21,joint,L,F,4
1,1,-0.0852920506992147,H27-23,1390,20,joint,L,F,4
-1,1,-0.18487524138577877,H27-23,1390,20,prac,L,F,1
0,1,0.6311196601580572,H27-23,1390,21,prac,L,F,1
1,1,0.467538099061346,H27-23,1390,20,prac,L,F,1
-1,1,0.27402485055776415,H27-15,1111,6,indivi,L,F,1
0,1,-0.3528097603570721,H27-15,1111,9,indivi,L,F,1
1,1,0.20326254858187423,H27-15,1111,9,indivi,L,F,1
-1,1,-0.7591929228932272,H27-15,1111,5,indivi,R,F,2
0,1,-0.6505703058174915,H27-15,1111,6,indivi,R,F,2
1,1,0.9902000935973275,H27-15,1111,5,indivi,R,F,2
-1,1,0.0,H27-15,1111,4,indivi,L,F,3
0,1,0.519270357477862,H27-15,1111,6,indivi,L,F,3
1,1,0.876516705858476,H27-15,1111,3,indivi,L,F,3
-1,1,-1.0,H27-15,1111,2,indivi,R,F,4
0,1,0.28679132767843046,H27-15,1111,3,indivi,R,F,4
1,1,0.0,H27-15,1111,1,indivi,R,F,4
-1,1,-0.3399981943647077,H27-15,1111,8,joint,L,F,1
0,1,0.0011065559211042662,H27-15,1111,10,joint,L,F,1
1,1,-0.45726543204252945,H27-15,1111,10,joint,L,F,1
-1,1,0.3738835303832648,H27-15,1111,4,joint,R,F,2
0,1,-0.6196867045573654,H27-15,1111,5,joint,R,F,2
1,1,-0.11351344112718985,H27-15,1111,5,joint,R,F,2
-1,1,0.12598874348582315,H27-15,1111,9,joint,R,F,3
0,1,-0.006564088565562467,H27-15,1111,7,joint,R,F,3
1,1,-0.18804744335319692,H27-15,1111,10,joint,R,F,3
-1,1,0.2882747109197284,H27-15,1111,7,joint,L,F,4
0,1,0.5093702091842062,H27-15,1111,9,joint,L,F,4
1,1,0.06776229582176435,H27-15,1111,9,joint,L,F,4
-1,1,0.7125687416308524,H27-15,1111,13,prac,L,F,1
0,1,0.3646140317256288,H27-15,1111,14,prac,L,F,1
1,1,-0.034890268660228506,H27-15,1111,13,prac,L,F,1
-1,1,1.0,H27-44,926,2,indivi,R,M,1
0,1,-0.510341001395323,H27-44,926,5,indivi,R,M,1
1,1,0.38091501674248246,H27-44,926,5,indivi,R,M,1
-1,1,-0.08190527669737654,H27-44,926,6,indivi,L,M,2
0,1,0.8983731240923521,H27-44,926,7,indivi,L,M,2
1,1,0.2787539287489712,H27-44,926,7,indivi,L,M,2
-1,1,0.08282861932135298,H27-44,926,10,indivi,L,M,3
0,1,0.17413370692037305,H27-44,926,11,indivi,L,M,3
1,1,0.5713663909039688,H27-44,926,10,indivi,L,M,3
-1,1,0.6384159583552576,H27-44,926,11,indivi,R,M,4
0,1,-0.18996158555024847,H27-44,926,11,indivi,R,M,4
1,1,-0.2537938506040581,H27-44,926,12,indivi,R,M,4
-1,1,-0.1303952243822955,H27-44,926,18,joint,R,M,1
0,1,-0.04629632036978567,H27-44,926,19,joint,R,M,1
1,1,-0.4104496246029902,H27-44,926,18,joint,R,M,1
-1,1,0.4440077676838874,H27-44,926,15,joint,L,M,2
0,1,-0.33336027466386403,H27-44,926,16,joint,L,M,2
1,1,-0.041945237400562156,H27-44,926,15,joint,L,M,2
-1,1,0.09503611984699714,H27-44,926,13,joint,R,M,3
0,1,-0.08865267987229976,H27-44,926,13,joint,R,M,3
1,1,0.41908224931244,H27-44,926,12,joint,R,M,3
-1,1,0.16659776222352005,H27-44,926,6,joint,L,M,4
0,1,-0.3680126145151378,H27-44,926,7,joint,L,M,4
1,1,0.595418012719324,H27-44,926,6,joint,L,M,4
-1,1,-0.11932840734923328,H27-44,926,20,prac,L,M,1
0,1,-0.12606387661656893,H27-44,926,21,prac,L,M,1
1,1,-0.11696479396653954,H27-44,926,20,prac,L,M,1
-1,1,0.8636946925137496,H27-19,1394,20,indivi,L,M,1
0,1,0.8114243826611315,H27-19,1394,21,indivi,L,M,1
1,1,0.6332276970155407,H27-19,1394,20,indivi,L,M,1
-1,1,0.32207057780646486,H27-19,1394,20,indivi,R,M,2
0,1,0.4155156480697998,H27-19,1394,21,indivi,R,M,2
1,1,0.23585246882737737,H27-19,1394,20,indivi,R,M,2
-1,1,0.9269378148482601,H27-19,1394,17,indivi,L,M,3
0,1,0.945068088039195,H27-19,1394,18,indivi,L,M,3
1,1,0.8754305022819273,H27-19,1394,17,indivi,L,M,3
-1,1,0.9087716459912435,H27-19,1394,14,indivi,R,M,4
0,1,0.6834641318002421,H27-19,1394,14,indivi,R,M,4
1,1,0.48808422536691176,H27-19,1394,13,indivi,R,M,4
-1,1,0.5683585029137048,H27-19,1394,13,joint,R,M,1
0,1,0.6522797508972753,H27-19,1394,13,joint,R,M,1
1,1,0.6007768282597019,H27-19,1394,12,joint,R,M,1
-1,1,0.08384922332015612,H27-19,1394,13,joint,L,M,2
0,1,0.3453632899506697,H27-19,1394,14,joint,L,M,2
1,1,0.026223258696857054,H27-19,1394,13,joint,L,M,2
-1,1,0.23695825653737115,H27-19,1394,12,joint,L,M,3
0,1,-0.076330556082662,H27-19,1394,13,joint,L,M,3
1,1,0.40272912248823023,H27-19,1394,12,joint,L,M,3
-1,1,-0.15377747391712346,H27-19,1394,18,joint,R,M,4
0,1,0.028459936921103813,H27-19,1394,18,joint,R,M,4
1,1,-0.08574197273047406,H27-19,1394,17,joint,R,M,4
-1,1,0.06266965739795706,H27-19,1394,19,prac,L,M,1
0,1,0.45916246880533607,H27-19,1394,20,prac,L,M,1
1,1,0.09032540851702062,H27-19,1394,19,prac,L,M,1
-1,1,0.3701541558215787,H27-20,1375,20,indivi,L,F,1
0,1,0.3507001585195537,H27-20,1375,21,indivi,L,F,1
1,1,0.2828224910428498,H27-20,1375,20,indivi,L,F,1
-1,1,0.786181314097718,H27-20,1375,17,indivi,R,F,2
0,1,0.8296225185487419,H27-20,1375,17,indivi,R,F,2
1,1,0.7963497690551143,H27-20,1375,17,indivi,R,F,2
-1,1,0.7474093948746956,H27-20,1375,13,indivi,R,F,3
0,1,0.7578635245354824,H27-20,1375,14,indivi,R,F,3
1,1,0.8532205519830527,H27-20,1375,13,indivi,R,F,3
-1,1,-0.016231166537922524,H27-20,1375,7,indivi,L,F,4
0,1,0.22149220794594068,H27-20,1375,7,indivi,L,F,4
1,1,0.11910818756432372,H27-20,1375,7,indivi,L,F,4
-1,1,-0.1145312402242502,H27-20,1375,19,joint,R,F,1
0,1,0.03665965969676721,H27-20,1375,20,joint,R,F,1
1,1,0.30297311204639227,H27-20,1375,19,joint,R,F,1
-1,1,0.32694959007237,H27-20,1375,11,joint,L,F,2
0,1,0.5878146183019862,H27-20,1375,12,joint,L,F,2
1,1,0.2868125297038481,H27-20,1375,11,joint,L,F,2
-1,1,0.2413311569623586,H27-20,1375,5,joint,L,F,3
0,1,0.7382380806775574,H27-20,1375,6,joint,L,F,3
1,1,0.6519026086779436,H27-20,1375,6,joint,L,F,3
-1,1,-0.3486723092303567,H27-20,1375,8,joint,R,F,4
0,1,0.7046414457741218,H27-20,1375,8,joint,R,F,4
1,1,0.3854739819439488,H27-20,1375,8,joint,R,F,4
-1,1,-0.1727734079409583,H27-20,1375,20,prac,L,F,1
0,1,0.2600993814146535,H27-20,1375,21,prac,L,F,1
1,1,0.10027272196629737,H27-20,1375,20,prac,L,F,1
-1,1,-0.13291137852486404,H27-05,909,17,indivi,R,F,1
0,1,0.3150928365898388,H27-05,909,18,indivi,R,F,1
1,1,0.05918368752984116,H27-05,909,17,indivi,R,F,1
-1,1,-0.36662353750456017,H27-05,909,12,indivi,L,F,2
0,1,-0.3274507719436258,H27-05,909,13,indivi,L,F,2
1,1,0.5470736975101851,H27-05,909,14,indivi,L,F,2
-1,1,0.4332894014272733,H27-05,909,9,indivi,L,F,3
0,1,-0.4730115285649672,H27-05,909,10,indivi,L,F,3
1,1,-0.3577704041090505,H27-05,909,12,indivi,L,F,3
-1,1,-0.24223451478397173,H27-05,909,10,indivi,R,F,4
0,1,0.2094854456901142,H27-05,909,10,indivi,R,F,4
1,1,0.8855153361607984,H27-05,909,10,indivi,R,F,4
-1,1,0.029783022683129868,H27-05,909,17,joint,L,F,1
0,1,0.20722161939759542,H27-05,909,18,joint,L,F,1
1,1,-0.3155260562057543,H27-05,909,17,joint,L,F,1
-1,1,-0.39322007907685375,H27-05,909,18,joint,R,F,2
0,1,-0.5103390529095748,H27-05,909,18,joint,R,F,2
1,1,-0.33248839224566323,H27-05,909,17,joint,R,F,2
-1,1,-0.08086125176003993,H27-05,909,15,joint,R,F,3
0,1,-0.3730751354667867,H27-05,909,16,joint,R,F,3
1,1,0.0685755457654731,H27-05,909,15,joint,R,F,3
-1,1,-0.43746846400942035,H27-05,909,16,joint,L,F,4
0,1,0.1850595131357178,H27-05,909,18,joint,L,F,4
1,1,0.426625651388539,H27-05,909,16,joint,L,F,4
-1,1,0.3360366628960599,H27-05,909,18,prac,L,F,1
0,1,0.25714079896838726,H27-05,909,19,prac,L,F,1
1,1,-0.06555235757392228,H27-05,909,18,prac,L,F,1
-1,1,0.033776235972910275,H27-31,1101,13,indivi,L,M,1
0,1,0.5305456969096806,H27-31,1101,13,indivi,L,M,1
1,1,0.2172076945388722,H27-31,1101,13,indivi,L,M,1
-1,1,-0.19868319674459428,H27-31,1101,11,indivi,R,M,2
0,1,-0.5339800592071341,H27-31,1101,11,indivi,R,M,2
1,1,0.2967171640584599,H27-31,1101,10,indivi,R,M,2
-1,1,-0.5358192026121701,H27-31,1101,7,indivi,L,M,3
0,1,0.36371036882627095,H27-31,1101,9,indivi,L,M,3
1,1,0.09617297348972281,H27-31,1101,9,indivi,L,M,3
-1,1,-0.35783075201343084,H27-31,1101,7,indivi,R,M,4
0,1,0.9646418664733165,H27-31,1101,9,indivi,R,M,4
1,1,-0.21755451411955215,H27-31,1101,8,indivi,R,M,4
-1,1,-0.13367808499939218,H27-31,1101,16,joint,R,M,1
0,1,0.07523692977566203,H27-31,1101,17,joint,R,M,1
1,1,0.04423889587807982,H27-31,1101,16,joint,R,M,1
-1,1,0.2624383414059193,H27-31,1101,7,joint,L,M,2
0,1,-0.11626600273708511,H27-31,1101,6,joint,L,M,2
1,1,-0.25738800238455833,H27-31,1101,8,joint,L,M,2
-1,1,-0.009721103887471046,H27-31,1101,12,joint,L,M,3
0,1,-0.22052530085217892,H27-31,1101,12,joint,L,M,3
1,1,-0.02821682585136223,H27-31,1101,10,joint,L,M,3
-1,1,0.4033569295583036,H27-31,1101,12,joint,R,M,4
0,1,-0.28582448253436027,H27-31,1101,12,joint,R,M,4
1,1,-0.6315182491419493,H27-31,1101,13,joint,R,M,4
-1,1,0.17020593529572758,H27-31,1101,15,prac,L,M,1
0,1,0.2702288992840289,H27-31,1101,14,prac,L,M,1
1,1,0.6123194569864874,H27-31,1101,13,prac,L,M,1
-1,1,0.24310644349328062,H27-21,1117,18,indivi,L,M,1
0,1,-0.01896175854393063,H27-21,1117,19,indivi,L,M,1
1,1,-0.01125407084658865,H27-21,1117,19,indivi,L,M,1
-1,1,0.567240034935553,H27-21,1117,12,indivi,R,M,2
0,1,0.8439475667383899,H27-21,1117,11,indivi,R,M,2
1,1,0.7841086781826652,H27-21,1117,13,indivi,R,M,2
-1,1,0.018905847680665305,H27-21,1117,11,indivi,R,M,3
0,1,-0.11770501178312599,H27-21,1117,12,indivi,R,M,3
1,1,0.7673473016192691,H27-21,1117,10,indivi,R,M,3
-1,1,-0.08800871841458019,H27-21,1117,6,indivi,L,M,4
0,1,0.15844693154983858,H27-21,1117,7,indivi,L,M,4
1,1,0.7478986919652457,H27-21,1117,7,indivi,L,M,4
-1,1,0.36485336510255606,H27-21,1117,3,joint,L,M,1
0,1,-0.6332992439315585,H27-21,1117,4,joint,L,M,1
1,1,0.02137845624045066,H27-21,1117,3,joint,L,M,1
-1,1,-0.28557550330466813,H27-21,1117,8,joint,R,M,2
0,1,-0.21048456411130823,H27-21,1117,7,joint,R,M,2
1,1,0.8491847165023736,H27-21,1117,9,joint,R,M,2
-1,1,-0.04730675792351766,H27-21,1117,9,joint,L,M,3
0,1,0.7415305827118246,H27-21,1117,11,joint,L,M,3
1,1,0.40157617564953474,H27-21,1117,12,joint,L,M,3
-1,1,0.24606930528779106,H27-21,1117,10,joint,R,M,4
0,1,0.6404701763094763,H27-21,1117,11,joint,R,M,4
1,1,-0.7081151968052548,H27-21,1117,9,joint,R,M,4
-1,1,-0.014436293902176368,H27-21,1117,15,prac,L,M,1
0,1,0.3399857536607973,H27-21,1117,16,prac,L,M,1
1,1,0.002336936215340347,H27-21,1117,15,prac,L,M,1
-1,1,-0.453541067575538,H27-37,925,11,indivi,R,M,1
0,1,-0.08085391303119323,H27-37,925,13,indivi,R,M,1
1,1,-0.32514969780399944,H27-37,925,10,indivi,R,M,1
-1,1,-0.26863687668682296,H27-37,925,16,indivi,L,M,2
0,1,0.10967015589289834,H27-37,925,18,indivi,L,M,2
1,1,-0.23437976505833502,H27-37,925,17,indivi,L,M,2
-1,1,-0.21757916176915468,H27-37,925,12,indivi,R,M,3
0,1,-0.32374024393994494,H27-37,925,10,indivi,R,M,3
1,1,-0.175764178193888,H27-37,925,10,indivi,R,M,3
-1,1,-0.33074773637163835,H27-37,925,9,indivi,L,M,4
0,1,-0.16234478729332927,H27-37,925,8,indivi,L,M,4
1,1,-0.2083422308821611,H27-37,925,8,indivi,L,M,4
-1,1,0.7364031741987359,H27-37,925,8,joint,R,M,1
0,1,0.5760965392202562,H27-37,925,8,joint,R,M,1
1,1,0.480645628970466,H27-37,925,10,joint,R,M,1
-1,1,-0.5123955474522329,H27-37,925,3,joint,L,M,2
0,1,0.6811304791720177,H27-37,925,3,joint,L,M,2
1,1,0.8169338198909896,H27-37,925,6,joint,L,M,2
-1,1,-0.09686996060548979,H27-37,925,8,joint,L,M,3
0,1,0.12660197848739602,H27-37,925,8,joint,L,M,3
1,1,0.9689376239541267,H27-37,925,7,joint,L,M,3
-1,1,-0.1370232651727907,H27-37,925,8,joint,R,M,4
0,1,-0.45239251204501274,H27-37,925,9,joint,R,M,4
1,1,0.3636354650506731,H27-37,925,9,joint,R,M,4
-1,1,0.6548104464089793,H27-37,925,12,prac,L,M,1
0,1,-0.4864756891778866,H27-37,925,13,prac,L,M,1
1,1,0.7360915128216483,H27-37,925,12,prac,L,M,1
